local,faccao_predominante,grau_dominio
AEROLÂNDIA,CV,0.85
AEROPORTO,CV,0.85
ALDEOTA,NEUTRO,0.0
ALTO DA BALANÇA,CV,0.85
AMADEU FURTADO,CV,0.85
ANCURI,CV,0.85
ANTÔNIO BEZERRA,CV,0.85
AUTRAN NUNES,CV,0.85
BARRA DO CEARÁ,CV,0.85
BARROSO,CV,0.85
BELA VISTA,CV,0.85
BENFICA,CV,0.85
BOA VISTA/CASTELÃO,CV,0.85
BOM FUTURO,CV,0.85
BOM JARDIM,CV,0.85
BONSUCESSO,CV,0.85
CAIS DO PORTO,CV,0.85
CAJAZEIRAS,CV,0.85
CAMBEBA,CV,0.85
CANINDEZINHO,CV,0.85
CARLITO PAMPLONA,CV,0.85
CENTRO,CV,0.85
CIDADE 2000,CV,0.85
CIDADE DOS FUNCIONÁRIOS,NEUTRO,0.0
COAÇU,CV,0.85
CONJUNTO CEARÁ I,CV,0.85
CONJUNTO CEARÁ II,CV,0.85
CONJUNTO ESPERANÇA,CV,0.85
CONJUNTO PALMEIRAS,CV,0.85
COUTO FERNANDES,CV,0.85
CRISTO REDENTOR,CV,0.85
CURIÓ,MASSA,0.85
DAMAS,CV,0.85
DE LOURDES,CV,0.85
DEMÓCRITO ROCHA,CV,0.85
RACHEL DE QUEIROZ,CV,0.85
DIAS MACÊDO,CV,0.85
DIONÍSIO TORRES,CV,0.85
DOM LUSTOSA,CV,0.85
EDSON QUEIROZ,CV,0.85
ENGENHEIRO LUCIANO CAVALCANTE,CV,0.85
FARIAS BRITO,CV,0.85
FLORESTA,CV,0.85
FÁTIMA,CV,0.85
GENIBAÚ,CV,0.85
GRANJA LISBOA,CV,0.85
GRANJA PORTUGAL,CV,0.85
GUAJERU,CV,0.85
HENRIQUE JORGE,CV,0.85
ITAOCA,CV,0.85
ITAPERI,CV,0.85
JACARECANGA,CV,0.85
JANGURUSSU,CV,0.85
JARDIM AMÉRICA,CV,0.85
JARDIM CEARENSE,CV,0.85
JARDIM GUANABARA,CV,0.85
JARDIM IRACEMA,CV,0.85
JARDIM DAS OLIVEIRAS,CV,0.85
JOÃO XXIII,CV,0.85
JOAQUIM TÁVORA,CV,0.85
JOSÉ BONIFÁCIO,CV,0.85
JOSÉ DE ALENCAR,CV,0.85
JÓQUEI CLUBE,CV,0.85
LAGOA REDONDA,CV,0.85
MANOEL SÁTIRO,CV,0.85
MANUEL DIAS BRANCO,CV,0.85
MARAPONGA,CV,0.85
MEIRELES,CV,0.85
MESSEJANA,CV,0.85
MONDUBIM,CV,0.85
MONTE CASTELO,CV,0.85
MONTESE,CV,0.85
MOURA BRASIL,CV,0.85
MUCURIPE,CV,0.85
NOVO MONDUBIM,CV,0.85
OLAVO OLIVEIRA,CV,0.85
PADRE ANDRADE,CV,0.85
PANAMERICANO,CV,0.85
PAPICU,CV,0.85
PARANGABA,CV,0.85
PARQUE ARAXÁ,CV,0.85
PARQUE IRACEMA,MASSA,0.85
PARQUE MANIBURA,CV,0.85
PARQUE PRESIDENTE VARGAS,CV,0.85
PARQUE SANTA MARIA,CV,0.85
PARQUE SANTA ROSA,CV,0.85
PARQUE SĂO JOSÉ,CV,0.85
PARQUE DOIS IRMĂOS,CV,0.85
PARQUELÂNDIA,CV,0.85
PARREÃO,CV,0.85
PASSARÉ,CV,0.85
GUARARAPES,NEUTRO,0.0
PAUPINA,CV,0.85
PEDRAS,CV,0.85
PICI,CV,0.85
PIRAMBU,CV,0.85
PLANALTO AYRTON SENNA,CV,0.85
PRAIA DE IRACEMA,CV,0.85
PRAIA DO FUTURO I,CV,0.85
PRAIA DO FUTURO II,CV,0.85
PREFEITO JOSÉ WALTER,CV,0.85
PRESIDENTE KENNEDY,CV,0.85
QUINTINO CUNHA,CV,0.85
RODOLFO TEÓFILO,CV,0.85
SABIAGUABA,CV,0.85
SALINAS,CV,0.85
SAPIRANGA / COITÉ,CV,0.85
SERRINHA,CV,0.85
SÃO BENTO,CV,0.85
SÃO GERARDO,CV,0.85
SÃO JOÃO DO TAUAPE,CV,0.85
VARJOTA,CV,0.85
VICENTE PINZÓN,CV,0.85
ELLERY,CV,0.85
VILA PERI,CV,0.85
VILA UNIĂO,CV,0.85
VILA VELHA,CV,0.85
ÁLVARO WEYNE,CV,0.85
GUADALAJARA,CV,0.85
IPARANA,CV,0.85
MARECHAL RONDON,CV,0.85
PARQUE ALBANO,CV,0.85
PARQUE DAS NAÇÕES,CV,0.85
PARQUE LEBLON,CV,0.85
PARQUE SOLEDADE,CV,0.85
SÃO MIGUEL,CV,0.85
TABAPUÁ,CV,0.85
URUCUTUBA,CV,0.85
COCÓ,CV,0.85
SANTA CLARA,CV,0.85
PRECABURA,CV,0.85
CARARU,CV,0.85
ARACAPÉ,CV,0.85
SIQUEIRA,CV,0.85
DIF III,CV,0.85
CIDADE NOVA,CV,0.85
INDUSTRIAL,CV,0.85
ALTO ALEGRE II,CV,0.85
AQUIRAZ,CV,0.85
CASCAVEL,CV,0.85
CAUCAIA,CV,0.85
CHOROZINHO,CV,0.85
EUSÉBIO,CV,0.85
GUAIÚBA,CV,0.85
HORIZONTE,CV,0.85
ITAITINGA,CV,0.85
MARACANAÚ,CV,0.85
MARANGUAPE,CV,0.85
PACAJUS,CV,0.85
PACATUBA,CV,0.85
PARACURU,CV,0.85
PARAIPABA,CV,0.85
PINDORETAMA,CV,0.85
SÃO GONÇALO DO AMARANTE,CV,0.85
SÃO LUÍS DO CURU,CV,0.85
TRAIRI,CV,0.85
ABAIARA,NEUTRO,0.0
ACARAPE,CV,0.85
ACARAÚ,CV,0.85
ACOPIARA,PCC,0.85
AIUABA,CV,0.85
ALCÂNTARAS,PCC,0.85
ALTANEIRA,CV,0.85
ALTO SANTO,TCP/GDE,0.85
AMONTADA,CV,0.85
ANTONINA DO NORTE,PCC,0.85
APUIARÉS,CV,0.85
ARACATI,CV,0.85
ARACOIABA,NEUTRO,0.0
ARARENDÁ,CV,0.85
ARARIPE,PCC,0.85
ARATUBA,CV,0.85
ARNEIROZ,PCC,0.85
ASSARÉ,PCC,0.85
AURORA,PCC,0.85
BAIXIO,NEUTRO,0.0
BANABUIÚ,CV,0.85
BARBALHA,CV,0.85
BARREIRA,CV,0.85
BARRO,TCP/GDE,0.85
BARROQUINHA,CV,0.85
BATURITÉ,CV,0.85
BEBERIBE,CV,0.85
BELA CRUZ,CV,0.85
BOA VIAGEM,PCC,0.85
BREJO SANTO,PCC,0.85
CAMOCIM,CV,0.85
CAMPOS SALES,NEUTRO,0.0
CANINDÉ,CV,0.85
CAPISTRANO,CV,0.85
CARIDADE,CV,0.85
CARIRÉ,NEUTRO,0.0
CARIRIAÇU,TCP/GDE,0.85
CARIÚS,CV,0.85
CARNAUBAL,CV,0.85
CATARINA,PCC,0.85
CATUNDA,CV,0.85
CEDRO,TCP/GDE,0.85
CHAVAL,MASSA,0.85
CHORÓ,CV,0.85
COREAÚ,PCC,0.85
CRATEÚS,CV,0.85
CRATO,PCC,0.85
CROATÁ,CV,0.85
CRUZ,CV,0.85
DEPUTADO IRAPUAN PINHEIRO,PCC,0.85
ERERÉ,PCC,0.85
FORQUILHA,CV,0.85
FORTIM,CV,0.85
FRECHEIRINHA,CV,0.85
GENERAL SAMPAIO,PCC,0.85
GRAÇA,TCP/GDE,0.85
GRANJA,CV,0.85
GRANJEIRO,TCP/GDE,0.85
GROAÍRAS,NEUTRO,0.0
GUARACIABA DO NORTE,CV,0.85
GUARAMIRANGA,CV,0.85
HIDROLÂNDIA,CV,0.85
IBARETAMA,TCP/GDE,0.85
IBIAPINA,CV,0.85
IBICUITINGA,CV,0.85
ICAPUÍ,CV,0.85
ICÓ,CV,0.85
IGUATU,CV,0.85
INDEPENDÊNCIA,PCC,0.85
IPAPORANGA,CV,0.85
IPAUMIRIM,OKAIDA,0.85
IPU,CV,0.85
IPUEIRAS,CV,0.85
IRACEMA,TCP/GDE,0.85
IRAUÇUBA,CV,0.85
ITAIÇABA,CV,0.85
ITAPAJÉ,CV,0.85
ITAPIPOCA,PCC,0.85
ITAPIÚNA,CV,0.85
ITAREMA,TCP/GDE,0.85
ITATIRA,CV,0.85
JAGUARETAMA,TCP/GDE,0.85
JAGUARIBARA,CV,0.85
JAGUARIBE,CV,0.85
JAGUARUANA,OKAIDA,0.85
JARDIM,TCP/GDE,0.85
JATI,TCP/GDE,0.85
JIJOCA DE JERICOACOARA,CV,0.85
JUAZEIRO DO NORTE,CV,0.85
JUCÁS,CV,0.85
LAVRAS DA MANGABEIRA,PCC,0.85
LIMOEIRO DO NORTE,CV,0.85
MADALENA,PCC,0.85
MARCO,CV,0.85
MARTINÓPOLE,CV,0.85
MASSAPÊ,CV,0.85
MAURITI,PCC,0.85
MERUOCA,CV,0.85
MILAGRES,PCC,0.85
MILHÃ,CV,0.85
MIRAÍMA,MASSA,0.85
MISSÃO VELHA,PCC,0.85
MOMBAÇA,PCC,0.85
MONSENHOR TABOSA,CV,0.85
MORADA NOVA,TCP/GDE,0.85
MORAÚJO,CV,0.85
MORRINHOS,CV,0.85
MUCAMBO,PCC,0.85
MULUNGU,CV,0.85
NOVA OLINDA,PCC,0.85
NOVA RUSSAS,CV,0.85
NOVO ORIENTE,PCC,0.85
OCARA,CV,0.85
ORÓS,PCC,0.85
PACOTI,CV,0.85
PACUJÁ,CV,0.85
PALHANO,PCC,0.85
PALMÁCIA,CV,0.85
PARAMBU,CV,0.85
PARAMOTI,CV,0.85
PEDRA BRANCA,PCC,0.85
PENAFORTE,NEUTRO,0.0
PENTECOSTE,CV,0.85
PEREIRO,TCP/GDE,0.85
PIQUET CARNEIRO,PCC,0.85
PIRES FERREIRA,CV,0.85
PORANGA,CV,0.85
PORTEIRAS,CV,0.85
POTENGI,NEUTRO,0.0
POTIRETAMA,CV,0.85
QUITERIANÓPOLIS,PCC,0.85
QUIXADÁ,CV,0.85
QUIXELÔ,CV,0.85
QUIXERAMOBIM,CV,0.85
QUIXERÉ,PCC,0.85
REDENÇÃO,CV,0.85
RERIUTABA,CV,0.85
RUSSAS,PCC,0.85
SABOEIRO,CV,0.85
SALITRE,CV,0.85
SANTANA DO ACARAÚ,CV,0.85
SANTANA DO CARIRI,NEUTRO,0.0
SANTA QUITÉRIA,CV,0.85
SÃO BENEDITO,TCP/GDE,0.85
SÃO JOÃO DO JAGUARIBE,CV,0.85
SENADOR POMPEU,CV,0.85
SENADOR SÁ,CV,0.85
SOBRAL,CV,0.85
SOLONÓPOLE,PCC,0.85
TABULEIRO DO NORTE,CV,0.85
TAMBORIL,CV,0.85
TARRAFAS,CV,0.85
TAUÁ,PCC,0.85
TEJUÇUOCA,CV,0.85
TIANGUÁ,PCC,0.85
TURURU,CV,0.85
UBAJARA,TCP/GDE,0.85
UMARI,NEUTRO,0.0
UMIRIM,CV,0.85
URUBURETAMA,CV,0.85
URUOCA,NEUTRO,0.0
VÁRZEA ALEGRE,TCP/GDE,0.85
VIÇOSA DO CEARÁ,NEUTRO,0.0
ACARAU,CV,0.85
BATURITE,CV,0.85
CANINDE,NEUTRO,0.0
CARIRE,PCC,0.85
CRATEUS,NEUTRO,0.0
GROAIRAS,PCC,0.85
ICO,NEUTRO,0.0
ITAPIUNA,CV,0.85
MIRAIMA,CV,0.85
QUIXADA,CV,0.85
QUIXERE,PCC,0.85
SAO BENEDITO,TCP/GDE,0.85
TAUA,NEUTRO,0.0
TEJUCUOCA,NEUTRO,0.0
TIANGUA,PCC,0.85
VICOSA DO CEARA,CV,0.85
