name,bairro_norm,latitude,longitude,regiao,faction_kml,faction_match
AEROLÂNDIA,aerolandia,-3.774887855214006,-38.513576525227414,fortaleza,MASSA,fuzzy_0.86
AEROPORTO,aeroporto,-3.7735752967174907,-38.529936807608756,fortaleza,PRIMEIRO COMANDO DA CAPITAL,fuzzy_0.64
ALDEOTA,aldeota,-3.7376415435037886,-38.502478286143486,fortaleza,PRIMEIRO COMANDO DA CAPITAL,fuzzy_0.74
ALTO DA BALANÇA,alto da balanca,-3.7654059189812163,-38.51345132196592,fortaleza,MASSA,fuzzy_0.69
AMADEU FURTADO,amadeu furtado,-3.743806219557524,-38.55910646277026,fortaleza,N/A,N/A
ANCURI,ancuri,-3.8642306056993534,-38.506127687720884,fortaleza,N/A,N/A
ANTÔNIO BEZERRA,antonio bezerra,-3.741003038895218,-38.59132177731399,fortaleza,TCP / GDE - TERCEIRO COMANDO PURO E GUARDIÕES DO ESTADO,fuzzy_0.67
AUTRAN NUNES,autran nunes,-3.7537877299285047,-38.5956876159437,fortaleza,N/A,N/A
BARRA DO CEARÁ,barra do ceara,-3.704544271008265,-38.58124206882749,fortaleza,PRIMEIRO COMANDO DA CAPITAL,fuzzy_0.69
BARROSO,barroso,-3.821714132043447,-38.512549305574986,fortaleza,PRIMEIRO COMANDO DA CAPITAL,fuzzy_0.63
BELA VISTA,bela vista,-3.7523888400697376,-38.560890876321075,fortaleza,PRIMEIRO COMANDO DA CAPITAL,direct
BENFICA,benfica,-3.7417448980022097,-38.538260257652084,fortaleza,PRIMEIRO COMANDO DA CAPITAL,fuzzy_0.71
BOA VISTA/CASTELÃO,boa vista/castelao,-3.800159358546688,-38.52120144990137,fortaleza,PRIMEIRO COMANDO DA CAPITAL,fuzzy_0.67
BOM FUTURO,bom futuro,-3.757878084373618,-38.546225874230174,fortaleza,N/A,N/A
BOM JARDIM,bom jardim,-3.7945629195802537,-38.60185868076689,fortaleza,N/A,N/A
BONSUCESSO,bonsucesso,-3.7804816541093524,-38.587596431275415,fortaleza,N/A,N/A
CAIS DO PORTO,cais do porto,-3.714817851310944,-38.47061036659603,fortaleza,PRIMEIRO COMANDO DA CAPITAL,fuzzy_0.69
CAJAZEIRAS,cajazeiras,-3.8036185290321063,-38.508604205410066,fortaleza,PRIMEIRO COMANDO DA CAPITAL,fuzzy_0.67
CAMBEBA,cambeba,-3.8066033999356983,-38.48513044959183,fortaleza,PRIMEIRO COMANDO DA CAPITAL,fuzzy_0.67
CANINDEZINHO,canindezinho,-3.812635257496074,-38.603375389338495,fortaleza,MASSA,direct
CARLITO PAMPLONA,carlito pamplona,-3.717002628702548,-38.554769689373764,fortaleza,N/A,N/A
CENTRO,centro,-3.7276815796803877,-38.527232502992945,fortaleza,PRIMEIRO COMANDO DA CAPITAL,direct
CIDADE 2000,cidade 2000,-3.75115782512672,-38.47189635070736,fortaleza,TCP / GDE - TERCEIRO COMANDO PURO E GUARDIÕES DO ESTADO,fuzzy_0.64
CIDADE DOS FUNCIONÁRIOS,cidade dos funcionarios,-3.7940537277310273,-38.49944992981696,fortaleza,MASSA,fuzzy_0.64
COAÇU,coacu,-3.8446909073268123,-38.47636030744854,fortaleza,N/A,N/A
CONJUNTO CEARÁ I,conjunto ceara i,-3.76466935821195,-38.606221954091126,fortaleza,PRIMEIRO COMANDO DA CAPITAL,fuzzy_0.81
CONJUNTO CEARÁ II,conjunto ceara ii,-3.771768719270383,-38.61089391215703,fortaleza,PRIMEIRO COMANDO DA CAPITAL,fuzzy_0.79
CONJUNTO ESPERANÇA,conjunto esperanca,-3.814275490947594,-38.591345242066495,fortaleza,MASSA,fuzzy_0.67
CONJUNTO PALMEIRAS,conjunto palmeiras,-3.8498123572861482,-38.53056148977917,fortaleza,PRIMEIRO COMANDO DA CAPITAL,fuzzy_0.71
COUTO FERNANDES,couto fernandes,-3.760057342770987,-38.56017859305311,fortaleza,MASSA,fuzzy_0.61
CRISTO REDENTOR,cristo redentor,-3.7076990645350643,-38.56503781381557,fortaleza,N/A,N/A
CURIÓ,curio,-3.82269982926167,-38.47734520450804,fortaleza,PRIMEIRO COMANDO DA CAPITAL,fuzzy_0.67
DAMAS,damas,-3.752284510026457,-38.54882960138294,fortaleza,PRIMEIRO COMANDO DA CAPITAL,fuzzy_0.62
DE LOURDES,de lourdes,-3.740796049891702,-38.46303870055023,fortaleza,N/A,N/A
DEMÓCRITO ROCHA,democrito rocha,-3.7620453817813573,-38.56538313731226,fortaleza,N/A,N/A
RACHEL DE QUEIROZ,rachel de queiroz,-3.7977719564956844,-38.556787587334554,fortaleza,PRIMEIRO COMANDO DA CAPITAL,fuzzy_0.75
DIAS MACÊDO,dias macedo,-3.7882431249849873,-38.522086536349505,fortaleza,TCP / GDE - TERCEIRO COMANDO PURO E GUARDIÕES DO ESTADO,fuzzy_0.62
DIONÍSIO TORRES,dionisio torres,-3.7480187636125395,-38.50327716493332,fortaleza,N/A,N/A
DOM LUSTOSA,dom lustosa,-3.753248557377755,-38.58788027460008,fortaleza,N/A,N/A
EDSON QUEIROZ,edson queiroz,-3.776896931226908,-38.46259287353229,fortaleza,PRIMEIRO COMANDO DA CAPITAL,fuzzy_0.64
ENGENHEIRO LUCIANO CAVALCANTE,engenheiro luciano cavalcante,-3.776980949609723,-38.48977778689913,fortaleza,N/A,N/A
FARIAS BRITO,farias brito,-3.732463659883755,-38.542388951645314,fortaleza,N/A,N/A
FLORESTA,floresta,-3.7208372080175782,-38.57642058887708,fortaleza,N/A,N/A
FÁTIMA,fatima,-3.7511071750572236,-38.52836557238262,fortaleza,MASSA,fuzzy_0.62
GENIBAÚ,genibau,-3.7581068819477244,-38.601328085335524,fortaleza,MASSA,fuzzy_0.80
GRANJA LISBOA,granja lisboa,-3.787494937644722,-38.61897265287767,fortaleza,N/A,N/A
GRANJA PORTUGAL,granja portugal,-3.7822064194262213,-38.59978075417686,fortaleza,N/A,N/A
GUAJERU,guajeru,-3.83213521679451,-38.47913474707968,fortaleza,N/A,N/A
HENRIQUE JORGE,henrique jorge,-3.7623760345202575,-38.58528077344847,fortaleza,N/A,N/A
ITAOCA,itaoca,-3.7723547360161858,-38.55587154886584,fortaleza,COMUNIDADES EM DISPUTA,fuzzy_0.83
ITAPERI,itaperi,-3.7890463150419156,-38.55068749873578,fortaleza,MASSA,fuzzy_0.67
JACARECANGA,jacarecanga,-3.7202882735926313,-38.54511963603965,fortaleza,TCP / GDE - TERCEIRO COMANDO PURO E GUARDIÕES DO ESTADO,fuzzy_0.64
JANGURUSSU,jangurussu,-3.843761217677179,-38.51431317679362,fortaleza,N/A,N/A
JARDIM AMÉRICA,jardim america,-3.752614057019455,-38.54154285553183,fortaleza,MASSA,fuzzy_0.71
JARDIM CEARENSE,jardim cearense,-3.8009415897941556,-38.56642352265673,fortaleza,MASSA,fuzzy_0.62
JARDIM GUANABARA,jardim guanabara,-3.723908906730365,-38.59026533100617,fortaleza,MASSA,fuzzy_0.65
JARDIM IRACEMA,jardim iracema,-3.721363617442506,-38.58380610564264,fortaleza,MASSA,fuzzy_0.67
JARDIM DAS OLIVEIRAS,jardim das oliveiras,-3.7815454721205346,-38.503708941059124,fortaleza,MASSA,fuzzy_0.65
JOÃO XXIII,joao xxiii,-3.7702860019086097,-38.587459545723526,fortaleza,N/A,N/A
JOAQUIM TÁVORA,joaquim tavora,-3.745429708271719,-38.51672425799959,fortaleza,N/A,N/A
JOSÉ BONIFÁCIO,jose bonifacio,-3.7394547591592655,-38.528558185464405,fortaleza,TCP / GDE - TERCEIRO COMANDO PURO E GUARDIÕES DO ESTADO,fuzzy_0.61
JOSÉ DE ALENCAR,jose de alencar,-3.8100082669691195,-38.47262239721644,fortaleza,PRIMEIRO COMANDO DA CAPITAL,fuzzy_0.61
JÓQUEI CLUBE,joquei clube,-3.767638870974591,-38.574802215608706,fortaleza,N/A,N/A
LAGOA REDONDA,lagoa redonda,-3.825348916147547,-38.45955501156087,fortaleza,MASSA,fuzzy_0.71
MANOEL SÁTIRO,manoel satiro,-3.7980551513834047,-38.58004990686817,fortaleza,N/A,N/A
MANUEL DIAS BRANCO,manuel dias branco,-3.759460440534051,-38.459432949161325,fortaleza,N/A,N/A
MARAPONGA,maraponga,-3.7946264270035712,-38.56900276538998,fortaleza,TCP / GDE - TERCEIRO COMANDO PURO E GUARDIÕES DO ESTADO,fuzzy_0.78
MEIRELES,meireles,-3.7275471017862145,-38.50049293155444,fortaleza,MASSA,fuzzy_0.62
MESSEJANA,messejana,-3.8267063527232037,-38.493391259954635,fortaleza,N/A,N/A
MONDUBIM,mondubim,-3.816543297157986,-38.5692895159146,fortaleza,N/A,N/A
MONTE CASTELO,monte castelo,-3.7247436453762375,-38.553267089947155,fortaleza,N/A,N/A
MONTESE,montese,-3.7647320628637178,-38.55061733877731,fortaleza,N/A,N/A
MOURA BRASIL,moura brasil,-3.7186610886753764,-38.53469254335401,fortaleza,PRIMEIRO COMANDO DA CAPITAL,fuzzy_0.61
MUCURIPE,mucuripe,-3.72597120414471,-38.48447755523055,fortaleza,N/A,N/A
NOVO MONDUBIM,novo mondubim,-3.8076681613410965,-38.584917016594794,fortaleza,N/A,N/A
OLAVO OLIVEIRA,olavo oliveira,-3.73005890046356,-38.59024285098493,fortaleza,N/A,N/A
PADRE ANDRADE,padre andrade,-3.7360537827384954,-38.58047998790974,fortaleza,MASSA,fuzzy_0.64
PANAMERICANO,panamericano,-3.755775341841636,-38.565220554601666,fortaleza,PRIMEIRO COMANDO DA CAPITAL,fuzzy_0.67
PAPICU,papicu,-3.739545749160944,-38.475381470972714,fortaleza,N/A,N/A
PARANGABA,parangaba,-3.777489379351991,-38.56647838303252,fortaleza,TCP / GDE - TERCEIRO COMANDO PURO E GUARDIÕES DO ESTADO,fuzzy_0.71
PARQUE ARAXÁ,parque araxa,-3.7356119533183376,-38.547823412123904,fortaleza,MASSA,fuzzy_0.74
PARQUE IRACEMA,parque iracema,-3.8061312139282295,-38.496394654409904,fortaleza,MASSA,fuzzy_0.93
PARQUE MANIBURA,parque manibura,-3.791667044614335,-38.48611006316365,fortaleza,MASSA,fuzzy_0.67
PARQUE PRESIDENTE VARGAS,parque presidente vargas,-3.82609228179,-38.59970128622432,fortaleza,MASSA,fuzzy_0.62
PARQUE SANTA MARIA,parque santa maria,-3.850923991846356,-38.499535258707006,fortaleza,MASSA,fuzzy_0.67
PARQUE SANTA ROSA,parque santa rosa,-3.81978122371756,-38.59466204525005,fortaleza,MASSA,fuzzy_0.69
PARQUE SĂO JOSÉ,parque sao jose,-3.7969721021621616,-38.5886718481852,fortaleza,MASSA,fuzzy_0.73
PARQUE DOIS IRMĂOS,parque dois irmaos,-3.8110872987225908,-38.548101418173516,fortaleza,MASSA,fuzzy_0.67
PARQUELÂNDIA,parquelandia,-3.737405650811437,-38.55955263212835,fortaleza,MASSA,fuzzy_0.67
PARREÃO,parreao,-3.7596301328699697,-38.53762366762251,fortaleza,TCP / GDE - TERCEIRO COMANDO PURO E GUARDIÕES DO ESTADO,fuzzy_0.71
PASSARÉ,passare,-3.8131129203224265,-38.532046273179226,fortaleza,MASSA,fuzzy_0.67
GUARARAPES,guararapes,-3.7633928740599,-38.48867322069011,fortaleza,PRIMEIRO COMANDO DA CAPITAL,fuzzy_0.71
PAUPINA,paupina,-3.86053725861436,-38.49219370287419,fortaleza,MASSA,fuzzy_0.64
PEDRAS,pedras,-3.878489003637993,-38.514218762294895,fortaleza,PRIMEIRO COMANDO DA CAPITAL,fuzzy_0.67
PICI,pici,-3.74818132061414,-38.574732607684155,fortaleza,N/A,N/A
PIRAMBU,pirambu,-3.7102365239896686,-38.55349784565874,fortaleza,N/A,N/A
PLANALTO AYRTON SENNA,planalto ayrton senna,-3.834315262470684,-38.572894374014346,fortaleza,N/A,N/A
PRAIA DE IRACEMA,praia de iracema,-3.720804345053572,-38.51559506338993,fortaleza,MASSA,fuzzy_0.69
PRAIA DO FUTURO I,praia do futuro i,-3.740042671379704,-38.455891552975956,fortaleza,TCP / GDE - TERCEIRO COMANDO PURO E GUARDIÕES DO ESTADO,fuzzy_0.65
PRAIA DO FUTURO II,praia do futuro ii,-3.7624974463135037,-38.44481402618642,fortaleza,TCP / GDE - TERCEIRO COMANDO PURO E GUARDIÕES DO ESTADO,fuzzy_0.63
PREFEITO JOSÉ WALTER,prefeito jose walter,-3.8363505365465698,-38.54824578788061,fortaleza,N/A,N/A
PRESIDENTE KENNEDY,presidente kennedy,-3.7305386503795024,-38.570200534523494,fortaleza,N/A,N/A
QUINTINO CUNHA,quintino cunha,-3.729243436779117,-38.60174486681117,fortaleza,N/A,N/A
RODOLFO TEÓFILO,rodolfo teofilo,-3.745420341556963,-38.55093657130279,fortaleza,N/A,N/A
SABIAGUABA,sabiaguaba,-3.7997102514891985,-38.42861025776214,fortaleza,MASSA,fuzzy_0.62
SALINAS,salinas,-3.7640660856599895,-38.50013745174683,fortaleza,TCP / GDE - TERCEIRO COMANDO PURO E GUARDIÕES DO ESTADO,fuzzy_0.77
SAPIRANGA / COITÉ,sapiranga / coite,-3.796935803602902,-38.465844346940145,fortaleza,N/A,N/A
SERRINHA,serrinha,-3.785323279679286,-38.540775933506985,fortaleza,PRIMEIRO COMANDO DA CAPITAL,fuzzy_0.62
SÃO BENTO,sao bento,-3.856408398617356,-38.48228718432613,fortaleza,TCP / GDE - TERCEIRO COMANDO PURO E GUARDIÕES DO ESTADO,fuzzy_0.72
SÃO GERARDO,sao gerardo,-3.7302911115484765,-38.557517621963434,fortaleza,MASSA,fuzzy_0.76
SÃO JOÃO DO TAUAPE,sao joao do tauape,-3.756440384436651,-38.50793387882811,fortaleza,TCP / GDE - TERCEIRO COMANDO PURO E GUARDIÕES DO ESTADO,fuzzy_0.82
VARJOTA,varjota,-3.7336406073594812,-38.4862606238684,fortaleza,TCP / GDE - TERCEIRO COMANDO PURO E GUARDIÕES DO ESTADO,fuzzy_0.62
VICENTE PINZÓN,vicente pinzon,-3.7281495804612304,-38.469740012144264,fortaleza,N/A,N/A
ELLERY,ellery,-3.723352177807293,-38.5633443813439,fortaleza,N/A,N/A
VILA PERI,vila peri,-3.7883731868634944,-38.58088957470189,fortaleza,PRIMEIRO COMANDO DA CAPITAL,fuzzy_0.76
VILA UNIĂO,vila uniao,-3.767064651871691,-38.53582273829214,fortaleza,MASSA,fuzzy_0.74
VILA VELHA,vila velha,-3.7124688547885887,-38.604459061859295,fortaleza,MASSA,fuzzy_0.74
ÁLVARO WEYNE,alvaro weyne,-3.715899106449565,-38.5666292229722,fortaleza,N/A,N/A
GUADALAJARA,guadalajara,-3.7636377994054944,-38.619461549734,fortaleza,N/A,N/A
IPARANA,iparana,-3.6948597081695933,-38.623710941019965,fortaleza,TCP / GDE - TERCEIRO COMANDO PURO E GUARDIÕES DO ESTADO,fuzzy_0.80
MARECHAL RONDON,marechal rondon,-3.7740878654281462,-38.623927675769366,fortaleza,N/A,N/A
PARQUE ALBANO,parque albano,-3.7514356438634304,-38.612654582868025,fortaleza,PRIMEIRO COMANDO DA CAPITAL,fuzzy_0.77
PARQUE DAS NAÇÕES,parque das nacoes,-3.746838428903922,-38.60705871976241,fortaleza,TCP / GDE - TERCEIRO COMANDO PURO E GUARDIÕES DO ESTADO,fuzzy_0.70
PARQUE LEBLON,parque leblon,-3.6978314686310108,-38.604310168678786,fortaleza,MASSA,fuzzy_0.64
PARQUE SOLEDADE,parque soledade,-3.7266002303118255,-38.635845075429685,fortaleza,MASSA,direct
SÃO MIGUEL,sao miguel,-3.7452079227120207,-38.60243452872595,fortaleza,PRIMEIRO COMANDO DA CAPITAL,direct
TABAPUÁ,tabapua,-3.7312109755348843,-38.612657093284,fortaleza,MASSA,fuzzy_0.80
URUCUTUBA,urucutuba,-3.787547942420336,-38.64103434900192,fortaleza,N/A,N/A
COCÓ,coco,-3.7493851470987396,-38.480120736387846,fortaleza,N/A,N/A
SANTA CLARA,santa clara,-3.8648967112927357,-38.47974538969249,fortaleza,PRIMEIRO COMANDO DA CAPITAL,fuzzy_0.73
PRECABURA,precabura,-3.8208350661635433,-38.4386679129587,fortaleza,TCP / GDE - TERCEIRO COMANDO PURO E GUARDIÕES DO ESTADO,fuzzy_0.62
CARARU,cararu,-3.822971810269248,-38.424781535316285,fortaleza,MASSA,fuzzy_0.80
ARACAPÉ,aracape,-3.8304166379483116,-38.5872451248447,fortaleza,PRIMEIRO COMANDO DA CAPITAL,fuzzy_0.71
SIQUEIRA,siqueira,-3.8052489005280385,-38.61991321611341,fortaleza,N/A,N/A
DIF III,dif iii,-3.851710573233042,-38.5542727567067,fortaleza,N/A,N/A
CIDADE NOVA,cidade nova,-3.8440363634346655,-38.574881405011446,fortaleza,TCP / GDE - TERCEIRO COMANDO PURO E GUARDIÕES DO ESTADO,direct
INDUSTRIAL,industrial,-3.8391157080271863,-38.59222422098864,fortaleza,N/A,N/A
ALTO ALEGRE II,alto alegre ii,-3.8320591466288567,-38.60728407037367,fortaleza,PRIMEIRO COMANDO DA CAPITAL,fuzzy_0.88
AQUIRAZ,aquiraz,-3.9759102601091896,-38.39413507670386,rmf,TCP / GDE - TERCEIRO COMANDO PURO E GUARDIÕES DO ESTADO,fuzzy_0.62
CASCAVEL,cascavel,-4.238541675617249,-38.29718318655655,rmf,TCP / GDE - TERCEIRO COMANDO PURO E GUARDIÕES DO ESTADO,fuzzy_0.62
CAUCAIA,caucaia,-3.7825416160202074,-38.81082788878969,rmf,MASSA,fuzzy_0.71
CHOROZINHO,chorozinho,-4.306063343232536,-38.47042909930703,rmf,N/A,N/A
EUSÉBIO,eusebio,-3.877223948556469,-38.458912759150614,rmf,N/A,N/A
GUAIÚBA,guaiuba,-4.10286143674053,-38.66707617181779,rmf,MASSA,fuzzy_0.62
HORIZONTE,horizonte,-4.101961199105514,-38.4656976644062,rmf,N/A,N/A
ITAITINGA,itaitinga,-3.9991055533484055,-38.549804615590126,rmf,N/A,N/A
MARACANAÚ,maracanau,-3.873823329322946,-38.62726132542065,rmf,PRIMEIRO COMANDO DA CAPITAL,fuzzy_0.61
MARANGUAPE,maranguape,-4.00670541225773,-38.81007681672964,rmf,N/A,N/A
PACAJUS,pacajus,-4.183760055434554,-38.496538545632475,rmf,MASSA,fuzzy_0.67
PACATUBA,pacatuba,-3.953535141333741,-38.596218613210276,rmf,MASSA,fuzzy_0.62
PARACURU,paracuru,-3.479437223211855,-39.03893423146247,rmf,MASSA,fuzzy_0.88
PARAIPABA,paraipaba,-3.4224658072646745,-39.17625864189523,rmf,TCP / GDE - TERCEIRO COMANDO PURO E GUARDIÕES DO ESTADO,fuzzy_0.64
PINDORETAMA,pindoretama,-4.055339983481708,-38.30432647955848,rmf,TCP / GDE - TERCEIRO COMANDO PURO E GUARDIÕES DO ESTADO,fuzzy_0.76
SÃO GONÇALO DO AMARANTE,sao goncalo do amarante,-3.6000725048934115,-39.05988766405121,rmf,TCP / GDE - TERCEIRO COMANDO PURO E GUARDIÕES DO ESTADO,fuzzy_0.68
SÃO LUÍS DO CURU,sao luis do curu,-3.6461652443285635,-39.26382574612386,rmf,PRIMEIRO COMANDO DA CAPITAL,fuzzy_0.61
TRAIRI,trairi,-3.3376972359696597,-39.3530335333813,rmf,TCP / GDE - TERCEIRO COMANDO PURO E GUARDIÕES DO ESTADO,fuzzy_0.62
ABAIARA,abaiara,-7.360807285683636,-39.03608954939123,interior,PRIMEIRO COMANDO DA CAPITAL,fuzzy_0.67
ACARAPE,acarape,-4.215598811176718,-38.66169991493412,interior,PRIMEIRO COMANDO DA CAPITAL,direct
ACARAÚ,acarau,-2.96859187297909,-40.086776913831955,interior,PRIMEIRO COMANDO DA CAPITAL,fuzzy_0.77
ACOPIARA,acopiara,-6.122709196518176,-39.49523921585444,interior,PRIMEIRO COMANDO DA CAPITAL,fuzzy_0.67
AIUABA,aiuaba,-6.604534857297311,-40.29771260036996,interior,PRIMEIRO COMANDO DA CAPITAL,fuzzy_0.62
ALCÂNTARAS,alcantaras,-3.5950593020236914,-40.545970859244015,interior,MASSA,fuzzy_0.62
ALTANEIRA,altaneira,-6.985041334731969,-39.69283379474816,interior,COMUNIDADES EM DISPUTA,fuzzy_0.63
ALTO SANTO,alto santo,-5.51648378176741,-38.24099647376701,interior,TCP / GDE - TERCEIRO COMANDO PURO E GUARDIÕES DO ESTADO,fuzzy_0.67
AMONTADA,amontada,-3.238749497733531,-39.784957005103735,interior,TCP / GDE - TERCEIRO COMANDO PURO E GUARDIÕES DO ESTADO,fuzzy_0.62
ANTONINA DO NORTE,antonina do norte,-6.757761955168619,-39.984052782407424,interior,PRIMEIRO COMANDO DA CAPITAL,fuzzy_0.65
APUIARÉS,apuiares,-3.9693830804446395,-39.33048573935611,interior,MASSA,fuzzy_0.62
ARACATI,aracati,-4.680130678814023,-37.68643721197348,interior,N/A,N/A
ARACOIABA,aracoiaba,-4.483232561195584,-38.71506073545646,interior,N/A,N/A
ARARENDÁ,ararenda,-4.773622534754959,-40.74707125090502,interior,MASSA,fuzzy_0.67
ARARIPE,araripe,-7.23883769767249,-40.07646789680732,interior,PRIMEIRO COMANDO DA CAPITAL,direct
ARATUBA,aratuba,-4.413518232126863,-39.02482478116394,interior,MASSA,fuzzy_0.80
ARNEIROZ,arneiroz,-6.237940138922183,-40.152131073016896,interior,PRIMEIRO COMANDO DA CAPITAL,direct
ASSARÉ,assare,-6.9101031506422945,-39.86956679919415,interior,PRIMEIRO COMANDO DA CAPITAL,fuzzy_0.67
AURORA,aurora,-6.988297390634101,-38.96756931062321,interior,N/A,N/A
BAIXIO,baixio,-6.712724491744442,-38.74915257545826,interior,OKAIDA,direct
BANABUIÚ,banabuiu,-5.262868731319927,-38.903133160131134,interior,TCP / GDE - TERCEIRO COMANDO PURO E GUARDIÕES DO ESTADO,fuzzy_0.62
BARBALHA,barbalha,-7.407020118032987,-39.346517666479926,interior,PRIMEIRO COMANDO DA CAPITAL,fuzzy_0.75
BARREIRA,barreira,-4.320313939318863,-38.619919329523036,interior,PRIMEIRO COMANDO DA CAPITAL,fuzzy_0.67
BARRO,barro,-7.124620017302106,-38.79495607407522,interior,MASSA,fuzzy_0.67
BARROQUINHA,barroquinha,-2.96980230862264,-41.17322325396303,interior,MASSA,fuzzy_0.62
BATURITÉ,baturite,-4.387054367177662,-38.85124181104472,interior,TCP / GDE - TERCEIRO COMANDO PURO E GUARDIÕES DO ESTADO,fuzzy_0.62
BEBERIBE,beberibe,-4.40264624273588,-38.113525850099975,interior,N/A,N/A
BELA CRUZ,bela cruz,-3.0535283867123635,-40.30799583896098,interior,PRIMEIRO COMANDO DA CAPITAL,fuzzy_0.67
BOA VIAGEM,boa viagem,-5.086454617362471,-39.808467167415735,interior,PRIMEIRO COMANDO DA CAPITAL,fuzzy_0.74
BREJO SANTO,brejo santo,-7.553990514382683,-38.921223446774476,interior,PRIMEIRO COMANDO DA CAPITAL,fuzzy_0.64
CAMOCIM,camocim,-2.9495076862517347,-40.79924142537309,interior,PRIMEIRO COMANDO DA CAPITAL,fuzzy_0.67
CAMPOS SALES,campos sales,-6.935787329326308,-40.27202099970017,interior,TCP / GDE - TERCEIRO COMANDO PURO E GUARDIÕES DO ESTADO,fuzzy_0.61
CANINDÉ,caninde,-4.402828146639713,-39.430287664287455,interior,MASSA,fuzzy_0.74
CAPISTRANO,capistrano,-4.470778859795148,-38.90598564255291,interior,TCP / GDE - TERCEIRO COMANDO PURO E GUARDIÕES DO ESTADO,fuzzy_0.74
CARIDADE,caridade,-4.203610394117879,-39.1087573236893,interior,PRIMEIRO COMANDO DA CAPITAL,fuzzy_0.71
CARIRÉ,carire,-3.9515527415419722,-40.52385465613873,interior,PRIMEIRO COMANDO DA CAPITAL,direct
CARIRIAÇU,caririacu,-7.0209021169084105,-39.274677381573305,interior,MASSA,fuzzy_0.67
CARIÚS,carius,-6.644417739957876,-39.46284322775978,interior,MASSA,fuzzy_0.71
CARNAUBAL,carnaubal,-4.130170918518387,-41.01167348873668,interior,MASSA,fuzzy_0.82
CATARINA,catarina,-6.255473029245693,-39.908264161401476,interior,MASSA,fuzzy_0.71
CATUNDA,catunda,-4.6298825686655585,-40.175308658799885,interior,TCP / GDE - TERCEIRO COMANDO PURO E GUARDIÕES DO ESTADO,fuzzy_0.62
CEDRO,cedro,-6.569473212824987,-39.09432145161391,interior,PRIMEIRO COMANDO DA CAPITAL,fuzzy_0.73
CHAVAL,chaval,-3.091419453647094,-41.23090379483939,interior,MASSA,direct
CHORÓ,choro,-4.7733533671230886,-39.19082148995693,interior,PRIMEIRO COMANDO DA CAPITAL,fuzzy_0.80
COREAÚ,coreau,-3.642582046418276,-40.726138216851936,interior,PRIMEIRO COMANDO DA CAPITAL,fuzzy_0.73
CRATEÚS,crateus,-5.199802485666614,-40.71827226475463,interior,MASSA,fuzzy_0.67
CRATO,crato,-7.232310559831185,-39.48960507833142,interior,PRIMEIRO COMANDO DA CAPITAL,fuzzy_0.67
CROATÁ,croata,-4.38822255908544,-40.97586373625202,interior,MASSA,fuzzy_0.62
CRUZ,cruz,-2.895653881197855,-40.32558045126001,interior,PRIMEIRO COMANDO DA CAPITAL,fuzzy_0.67
DEPUTADO IRAPUAN PINHEIRO,deputado irapuan pinheiro,-5.884753121764496,-39.266578977721544,interior,PRIMEIRO COMANDO DA CAPITAL,fuzzy_0.65
ERERÉ,erere,-5.986516599167585,-38.31251875325077,interior,PRIMEIRO COMANDO DA CAPITAL,direct
FORQUILHA,forquilha,-3.822975923877013,-40.2251854278161,interior,PRIMEIRO COMANDO DA CAPITAL,fuzzy_0.62
FORTIM,fortim,-4.462468352390803,-37.871216537534444,interior,N/A,N/A
FRECHEIRINHA,frecheirinha,-3.7117402004134648,-40.82150218408491,interior,TCP / GDE - TERCEIRO COMANDO PURO E GUARDIÕES DO ESTADO,fuzzy_0.73
GENERAL SAMPAIO,general sampaio,-4.0629344089978,-39.44775980123316,interior,PRIMEIRO COMANDO DA CAPITAL,direct
GRAÇA,graca,-4.045623789667982,-40.77359062420353,interior,TCP / GDE - TERCEIRO COMANDO PURO E GUARDIÕES DO ESTADO,fuzzy_0.67
GRANJA,granja,-3.2310936815691003,-41.002134717275766,interior,MASSA,fuzzy_0.67
GRANJEIRO,granjeiro,-6.908701978620488,-39.2475843288106,interior,PRIMEIRO COMANDO DA CAPITAL,fuzzy_0.71
GROAÍRAS,groairas,-3.9120116460024152,-40.36452720407791,interior,MASSA,direct
GUARACIABA DO NORTE,guaraciaba do norte,-4.233355975957801,-40.915841499493375,interior,TCP / GDE - TERCEIRO COMANDO PURO E GUARDIÕES DO ESTADO,fuzzy_0.62
GUARAMIRANGA,guaramiranga,-4.252153743458246,-38.95317114879431,interior,TCP / GDE - TERCEIRO COMANDO PURO E GUARDIÕES DO ESTADO,fuzzy_0.67
HIDROLÂNDIA,hidrolandia,-4.432667852906051,-40.406588246553085,interior,TCP / GDE - TERCEIRO COMANDO PURO E GUARDIÕES DO ESTADO,fuzzy_0.76
IBARETAMA,ibaretama,-4.779391308343322,-38.72279822234839,interior,TCP / GDE - TERCEIRO COMANDO PURO E GUARDIÕES DO ESTADO,direct
IBIAPINA,ibiapina,-3.9497785326145842,-41.000196751790426,interior,TCP / GDE - TERCEIRO COMANDO PURO E GUARDIÕES DO ESTADO,fuzzy_0.62
IBICUITINGA,ibicuitinga,-4.975060658254638,-38.559134721173535,interior,TCP / GDE - TERCEIRO COMANDO PURO E GUARDIÕES DO ESTADO,fuzzy_0.63
ICAPUÍ,icapui,-4.739059935958964,-37.41239765519026,interior,MASSA,fuzzy_0.67
ICÓ,ico,-6.388020210935979,-38.78203923805892,interior,N/A,N/A
IGUATU,iguatu,-6.358773305009183,-39.28297764345299,interior,N/A,N/A
INDEPENDÊNCIA,independencia,-5.474954546425391,-40.34224368210776,interior,PRIMEIRO COMANDO DA CAPITAL,fuzzy_0.79
IPAPORANGA,ipaporanga,-4.909657562116922,-40.80350239177863,interior,TCP / GDE - TERCEIRO COMANDO PURO E GUARDIÕES DO ESTADO,fuzzy_0.78
IPAUMIRIM,ipaumirim,-6.806670037848985,-38.742916464644686,interior,OKAIDA,direct
IPU,ipu,-4.368319783142412,-40.670809067961756,interior,N/A,N/A
IPUEIRAS,ipueiras,-4.57361911575494,-40.87782447382402,interior,PRIMEIRO COMANDO DA CAPITAL,fuzzy_0.71
IRACEMA,iracema,-5.777906582015856,-38.336014165156996,interior,TCP / GDE - TERCEIRO COMANDO PURO E GUARDIÕES DO ESTADO,fuzzy_0.71
IRAUÇUBA,iraucuba,-3.867073467433035,-39.81733216130194,interior,MASSA,fuzzy_0.62
ITAIÇABA,itaicaba,-4.719203372639852,-37.84900713872447,interior,PRIMEIRO COMANDO DA CAPITAL,fuzzy_0.61
ITAPAJÉ,itapaje,-3.733637765174119,-39.575103834869545,interior,COMUNIDADES EM DISPUTA,fuzzy_0.77
ITAPIPOCA,itapipoca,-3.394598555329793,-39.597583781366225,interior,COMUNIDADES EM DISPUTA,fuzzy_0.80
ITAPIÚNA,itapiuna,-4.594167799712366,-38.95259520340725,interior,COMUNIDADES EM DISPUTA,fuzzy_0.71
ITAREMA,itarema,-3.049937504002312,-39.889879331985206,interior,TCP / GDE - TERCEIRO COMANDO PURO E GUARDIÕES DO ESTADO,direct
ITATIRA,itatira,-4.626432493157766,-39.57832021155883,interior,TCP / GDE - TERCEIRO COMANDO PURO E GUARDIÕES DO ESTADO,fuzzy_0.71
JAGUARETAMA,jaguaretama,-5.491912071175274,-38.74695534979566,interior,TCP / GDE - TERCEIRO COMANDO PURO E GUARDIÕES DO ESTADO,direct
JAGUARIBARA,jaguaribara,-5.61249733060164,-38.5245139767451,interior,PRIMEIRO COMANDO DA CAPITAL,fuzzy_0.74
JAGUARIBE,jaguaribe,-5.961255625383665,-38.707631108259655,interior,TCP / GDE - TERCEIRO COMANDO PURO E GUARDIÕES DO ESTADO,fuzzy_0.70
JAGUARUANA,jaguaruana,-4.866612790608452,-37.746118832801024,interior,TCP / GDE - TERCEIRO COMANDO PURO E GUARDIÕES DO ESTADO,fuzzy_0.76
JARDIM,jardim,-7.590268137390166,-39.248243170518776,interior,N/A,N/A
JATI,jati,-7.692401227803719,-38.99211614544376,interior,N/A,N/A
JIJOCA DE JERICOACOARA,jijoca de jericoacoara,-2.8785686248406264,-40.49491514804082,interior,N/A,N/A
JUAZEIRO DO NORTE,juazeiro do norte,-7.185040064867565,-39.286354127491684,interior,TCP / GDE - TERCEIRO COMANDO PURO E GUARDIÕES DO ESTADO,fuzzy_0.64
JUCÁS,jucas,-6.459954950131765,-39.60666831575016,interior,N/A,N/A
LAVRAS DA MANGABEIRA,lavras da mangabeira,-6.777534288985974,-38.994681510156,interior,PRIMEIRO COMANDO DA CAPITAL,direct
LIMOEIRO DO NORTE,limoeiro do norte,-5.157620356573156,-38.047703060436525,interior,TCP / GDE - TERCEIRO COMANDO PURO E GUARDIÕES DO ESTADO,fuzzy_0.77
MADALENA,madalena,-4.857867042469296,-39.509254461762005,interior,PRIMEIRO COMANDO DA CAPITAL,fuzzy_0.62
MARCO,marco,-3.190779677378751,-40.26389752251289,interior,N/A,N/A
MARTINÓPOLE,martinopole,-3.169182674251834,-40.649362133796345,interior,N/A,N/A
MASSAPÊ,massape,-3.483018373029814,-40.3900487407397,interior,N/A,N/A
MAURITI,mauriti,-7.397167952959355,-38.71821904189091,interior,N/A,N/A
MERUOCA,meruoca,-3.577409452886812,-40.45444364171988,interior,N/A,N/A
MILAGRES,milagres,-7.272454892463707,-38.9431789011212,interior,PRIMEIRO COMANDO DA CAPITAL,direct
MILHÃ,milha,-5.639083037835095,-39.16841763433725,interior,PRIMEIRO COMANDO DA CAPITAL,fuzzy_0.89
MIRAÍMA,miraima,-3.5596593573146205,-39.90958581887776,interior,MASSA,direct
MISSÃO VELHA,missao velha,-7.3071794017114335,-39.153082533881175,interior,TCP / GDE - TERCEIRO COMANDO PURO E GUARDIÕES DO ESTADO,fuzzy_0.73
MOMBAÇA,mombaca,-5.787354079135665,-39.7486898867492,interior,N/A,N/A
MONSENHOR TABOSA,monsenhor tabosa,-4.914388907143237,-40.04431708245129,interior,N/A,N/A
MORADA NOVA,morada nova,-5.033595292636803,-38.432046631262224,interior,TCP / GDE - TERCEIRO COMANDO PURO E GUARDIÕES DO ESTADO,fuzzy_0.71
MORAÚJO,moraujo,-3.462473666296719,-40.68321199883132,interior,PRIMEIRO COMANDO DA CAPITAL,fuzzy_0.71
MORRINHOS,morrinhos,-3.2849756068059706,-40.087282426854166,interior,N/A,N/A
MUCAMBO,mucambo,-3.899598809362601,-40.75738861514126,interior,N/A,N/A
MULUNGU,mulungu,-4.322641007212092,-38.99383607376424,interior,MASSA,fuzzy_0.71
NOVA OLINDA,nova olinda,-7.094766094153975,-39.66555708604794,interior,PRIMEIRO COMANDO DA CAPITAL,direct
NOVA RUSSAS,nova russas,-4.678720275321457,-40.52916319856767,interior,MASSA,fuzzy_0.62
NOVO ORIENTE,novo oriente,-5.5923873745345976,-40.77210542994728,interior,PRIMEIRO COMANDO DA CAPITAL,fuzzy_0.64
OCARA,ocara,-4.526125661150129,-38.50807672909974,interior,MASSA,fuzzy_0.73
ORÓS,oros,-6.24470484159551,-38.94571696349901,interior,N/A,N/A
PACOTI,pacoti,-4.1990605704958535,-38.90235850347028,interior,N/A,N/A
PACUJÁ,pacuja,-4.005582515900272,-40.68986181536072,interior,TCP / GDE - TERCEIRO COMANDO PURO E GUARDIÕES DO ESTADO,fuzzy_0.62
PALHANO,palhano,-4.70860165200569,-38.02745607830157,interior,PRIMEIRO COMANDO DA CAPITAL,direct
PALMÁCIA,palmacia,-4.125449401896215,-38.83909033281567,interior,MASSA,fuzzy_0.67
PARAMBU,parambu,-6.302422157107994,-40.628851656875355,interior,MASSA,fuzzy_0.67
PARAMOTI,paramoti,-4.160042946196191,-39.37671111906159,interior,N/A,N/A
PEDRA BRANCA,pedra branca,-5.496571717808977,-39.847069189734455,interior,PRIMEIRO COMANDO DA CAPITAL,fuzzy_0.71
PENAFORTE,penaforte,-7.777688401133439,-39.053766841061424,interior,N/A,N/A
PENTECOSTE,pentecoste,-3.854579481472953,-39.146003027418324,interior,N/A,N/A
PEREIRO,pereiro,-6.036331309168252,-38.488248952233505,interior,TCP / GDE - TERCEIRO COMANDO PURO E GUARDIÕES DO ESTADO,direct
PIQUET CARNEIRO,piquet carneiro,-5.8624087124472455,-39.45033613011207,interior,PRIMEIRO COMANDO DA CAPITAL,fuzzy_0.75
PIRES FERREIRA,pires ferreira,-4.258559247683164,-40.58549700333783,interior,N/A,N/A
PORANGA,poranga,-4.799099451449903,-41.078708114532496,interior,TCP / GDE - TERCEIRO COMANDO PURO E GUARDIÕES DO ESTADO,fuzzy_0.80
PORTEIRAS,porteiras,-7.541679150010291,-39.10636762600961,interior,PRIMEIRO COMANDO DA CAPITAL,direct
POTENGI,potengi,-7.073654594207077,-40.03601426728393,interior,PRIMEIRO COMANDO DA CAPITAL,fuzzy_0.62
POTIRETAMA,potiretama,-5.749533911807129,-38.16690961369828,interior,TCP / GDE - TERCEIRO COMANDO PURO E GUARDIÕES DO ESTADO,direct
QUITERIANÓPOLIS,quiterianopolis,-5.872298498848794,-40.76314382303376,interior,PRIMEIRO COMANDO DA CAPITAL,direct
QUIXADÁ,quixada,-4.955590540138564,-38.945632175464105,interior,TCP / GDE - TERCEIRO COMANDO PURO E GUARDIÕES DO ESTADO,fuzzy_0.70
QUIXELÔ,quixelo,-6.175389473740147,-39.11897188275911,interior,N/A,N/A
QUIXERAMOBIM,quixeramobim,-5.24493880451595,-39.333521206613696,interior,N/A,N/A
QUIXERÉ,quixere,-5.087920899980674,-37.86120808239091,interior,N/A,N/A
REDENÇÃO,redencao,-4.246100420554795,-38.76218962700817,interior,N/A,N/A
RERIUTABA,reriutaba,-4.119137087971781,-40.61292447994957,interior,N/A,N/A
RUSSAS,russas,-4.8433553179648845,-38.14727158885255,interior,N/A,N/A
SABOEIRO,saboeiro,-6.4862144305289835,-39.88740249517179,interior,PRIMEIRO COMANDO DA CAPITAL,fuzzy_0.62
SALITRE,salitre,-7.203422433251897,-40.36513152227352,interior,PRIMEIRO COMANDO DA CAPITAL,fuzzy_0.62
SANTANA DO ACARAÚ,santana do acarau,-3.462493730611969,-40.166035154527286,interior,PRIMEIRO COMANDO DA CAPITAL,fuzzy_0.77
SANTANA DO CARIRI,santana do cariri,-7.222369459101339,-39.75720623963994,interior,PRIMEIRO COMANDO DA CAPITAL,fuzzy_0.64
SANTA QUITÉRIA,santa quiteria,-4.340033847298105,-40.042909199119855,interior,COMANDO VERMELHO,fuzzy_0.75
SÃO BENEDITO,sao benedito,-4.04101282980768,-40.968912778180695,interior,COMUNIDADES EM DISPUTA,fuzzy_0.75
SÃO JOÃO DO JAGUARIBE,sao joao do jaguaribe,-5.326378039274469,-38.27200138018051,interior,TCP / GDE - TERCEIRO COMANDO PURO E GUARDIÕES DO ESTADO,direct
SENADOR POMPEU,senador pompeu,-5.588118773401293,-39.433306251255765,interior,N/A,N/A
SENADOR SÁ,senador sa,-3.2683223783835142,-40.46140040981486,interior,N/A,N/A
SOBRAL,sobral,-3.8116792701237103,-40.22788451124362,interior,N/A,N/A
SOLONÓPOLE,solonopole,-5.776862786845003,-39.003354076829396,interior,PRIMEIRO COMANDO DA CAPITAL,fuzzy_0.89
TABULEIRO DO NORTE,tabuleiro do norte,-5.362243474399951,-38.02640309754458,interior,TCP / GDE - TERCEIRO COMANDO PURO E GUARDIÕES DO ESTADO,fuzzy_0.65
TAMBORIL,tamboril,-4.919981463931896,-40.33606786524229,interior,MASSA,fuzzy_0.62
TARRAFAS,tarrafas,-6.730340950573456,-39.737226075332096,interior,MASSA,fuzzy_0.62
TAUÁ,taua,-5.936328753935822,-40.25922149255534,interior,MASSA,fuzzy_0.80
TEJUÇUOCA,tejucuoca,-3.9340021504093388,-39.583108313162356,interior,N/A,N/A
TIANGUÁ,tiangua,-3.735365384323311,-41.053792747361236,interior,TCP / GDE - TERCEIRO COMANDO PURO E GUARDIÕES DO ESTADO,fuzzy_0.67
TURURU,tururu,-3.552907565483899,-39.40375484658456,interior,N/A,N/A
UBAJARA,ubajara,-3.867811560576883,-41.006125523861186,interior,MASSA,fuzzy_0.67
UMARI,umari,-6.623451123022408,-38.730914289711606,interior,PRIMEIRO COMANDO DA CAPITAL,fuzzy_0.73
UMIRIM,umirim,-3.6876514957857918,-39.384479562340815,interior,OKAIDA,fuzzy_0.80
URUBURETAMA,uruburetama,-3.6218583955412127,-39.51681213389325,interior,TCP / GDE - TERCEIRO COMANDO PURO E GUARDIÕES DO ESTADO,fuzzy_0.70
URUOCA,uruoca,-3.3205597763594086,-40.6761989007977,interior,TCP / GDE - TERCEIRO COMANDO PURO E GUARDIÕES DO ESTADO,fuzzy_0.62
VÁRZEA ALEGRE,varzea alegre,-6.772693850308404,-39.29782095706797,interior,PRIMEIRO COMANDO DA CAPITAL,fuzzy_0.77
VIÇOSA DO CEARÁ,vicosa do ceara,-3.5484629957376455,-41.134896411524956,interior,N/A,N/A
