agencia,ais,area_faccao,arma,bairro,cidade,comment,consolidado,data,database,editar,excluir,hora,id,id_evento,idade,latitude,longitude,name,sexo,tipo,tipo_evento,type,version,dia_semana,eh_feriado,dia_quente_cvp,clima,precipitacao_mm,qtd_mortes,nature,ais_original,regiao_risp
2.0,AIS 06,,,AMADEU FURTADO,Fortaleza,,Sim,2026-05-20,,,,08:35:14,79166,4431180.0,,-3.7352282665,-38.5818252018,RUA BALDUÍNO FREIRE,NONE,cvp,ROUBO A PESSOA,,,Quarta-feira,False,False,,,,ROUBO A PESSOA,AIS 06,CAPITAL OESTE
2.0,AIS 21,,,AEROLANDIA,Fortaleza,,Sim,2026-05-20,,,,05:26:09,79165,4431179.0,,-3.72635446,-38.5062592643,AVENIDA RUI BARBOSA,NONE,cvp,ROUBO A PESSOA,,,Quarta-feira,False,False,,,,ROUBO A PESSOA,AIS 21,CAPITAL OESTE
2.0,AIS 17,,,CANINDEZINHO,Maracanaú,,Sim,2026-05-20,,,,03:58:08,79167,4431212.0,,-3.8421122536,-38.5686634134,AVENIDA DA ALEGRIA,NONE,cvp,ROUBO A PESSOA,,,Quarta-feira,False,False,,,,ROUBO A PESSOA,AIS 17,CAPITAL OESTE
2.0,AIS 21,,,AEROLANDIA,Fortaleza,,Sim,2026-05-20,,,,01:56:22,79164,4431177.0,,-3.7908831721,-38.507424734,RUA TENENTE NICOLAU,NONE,cvp,ROUBO A PESSOA,,,Quarta-feira,False,False,,,,ROUBO A PESSOA,AIS 21,CAPITAL OESTE
2.0,AIS 12,,,IPARANA,Caucaia,,Sim,2026-05-20,,,,01:42:13,79168,4430914.0,,-3.6949331711,-38.6540129039,RUA NEUZA VALE DE AGUIAR,NONE,cvp,ROUBO A RESIDÊNCIA,,,Quarta-feira,False,False,,,,ROUBO A RESIDÊNCIA,AIS 12,RMF OESTE
2.0,AIS 20,,,PLANALTO AYRTON SENNA,Pacatuba,,Sim,2026-05-19,,,,23:31:31,79163,4431216.0,,-3.880300761,-38.5848618051,RUA CÍCERO RODRIGUES DE MOURA,NONE,cvp,ROUBO A PESSOA,,,Terça-feira,False,False,,,,ROUBO A PESSOA,AIS 20,CAPITAL OESTE
2.0,AIS 21,,,AEROLANDIA,Fortaleza,,Sim,2026-05-19,,,,22:42:55,79156,4431176.0,,-3.7296679441,-38.5055957924,RUA VALMAN CASTRO DE MIRANDA,NONE,cvp,ROUBO A PESSOA,,,Terça-feira,False,False,,,,ROUBO A PESSOA,AIS 21,CAPITAL OESTE
2.0,AIS 21,,,AEROLANDIA,Fortaleza,,Sim,2026-05-19,,,,17:31:39,79157,4431174.0,,-3.7405205674,-38.5167049097,RUA ANTÔNIO AUGUSTO,NONE,cvp,ROUBO A PESSOA,,,Terça-feira,False,False,,,,ROUBO A PESSOA,AIS 21,CAPITAL OESTE
2.0,AIS 21,,,AEROLANDIA,Fortaleza,,Sim,2026-05-19,,,,17:25:03,79161,4431172.0,,-3.732722277,-38.5321571563,PRACA CLOVIS BEVILAQUA,NONE,cvp,ROUBO A PESSOA,,,Terça-feira,False,False,,,,ROUBO A PESSOA,AIS 21,CAPITAL OESTE
2.0,AIS 08,,,CAIS DO PORTO,Fortaleza,,Sim,2026-05-19,,,,16:31:02,79160,4431171.0,,-3.7489035859,-38.4467844138,AVENIDA CLÓVIS ARRAIS MAIA,NONE,cvp,ROUBO A PESSOA,,,Terça-feira,False,False,,,,ROUBO A PESSOA,AIS 08,CAPITAL LESTE
2.0,AIS 15,,Arma de fogo,,Guaiúba,,Sim,2026-05-19,,,,09:29:00,78956,4430455.0,23.0,-4.0358669426,-38.6364630153,RUA GERVÁSIO TEIXEIRA,M,cvli,HOMICIDIO DOLOSO,,,Terça-feira,False,False,,,1.0,HOMICIDIO DOLOSO,AIS 15,RMF LESTE
2.0,AIS 21,,,AEROLANDIA,Fortaleza,,Sim,2026-05-19,,,,04:30:06,79159,4431168.0,,-3.7546236463,-38.5291949222,RUA GRACILIANO RAMOS,NONE,cvp,ROUBO A PESSOA,,,Terça-feira,False,False,,,,ROUBO A PESSOA,AIS 21,CAPITAL OESTE
2.0,AIS 23,,Arma de fogo,,Trairi,,Sim,2026-05-19,,,,04:16:00,78955,4430515.0,25.0,-3.2139565983,-39.3660300152,RUA DA PULGA,M,cvli,HOMICIDIO DOLOSO,,,Terça-feira,False,False,,,1.0,HOMICIDIO DOLOSO,AIS 23,RMF OESTE
2.0,AIS 21,,,AEROLANDIA,Fortaleza,,Sim,2026-05-19,,,,02:37:08,79158,4431167.0,,-3.7573269525,-38.5303587177,AVENIDA DEPUTADO OSWALDO STUDART,NONE,cvp,ROUBO A PESSOA,,,Terça-feira,False,False,,,,ROUBO A PESSOA,AIS 21,CAPITAL OESTE
2.0,AIS 21,,,AEROLANDIA,Fortaleza,,Sim,2026-05-19,,,,01:30:51,79162,4431166.0,,-3.7894706144,-38.5091287434,RUA PROFESSORA EMÍLIA PEREIRA,NONE,cvp,ROUBO A PESSOA,,,Terça-feira,False,False,,,,ROUBO A PESSOA,AIS 21,CAPITAL OESTE
2.0,AIS 21,,,AEROLANDIA,Fortaleza,,Sim,2026-05-18,,,,22:37:26,79152,4431164.0,,-3.752329446,-38.5142349477,RUA CAPITÃO MELO,NONE,cvp,ROUBO A COLETIVO,,,Segunda-feira,False,False,,,,ROUBO A COLETIVO,AIS 21,CAPITAL OESTE
2.0,AIS 21,,,AEROLANDIA,Fortaleza,,Sim,2026-05-18,,,,21:55:54,79153,4431162.0,,-3.7716533665,-38.5564870648,RUA LIVINO DE CARVALHO,NONE,cvp,ROUBO A PESSOA,,,Segunda-feira,False,False,,,,ROUBO A PESSOA,AIS 21,CAPITAL OESTE
2.0,AIS 06,,,AMADEU FURTADO,Fortaleza,,Sim,2026-05-18,,,,20:02:49,79154,4431161.0,,-3.7232115101,-38.5589945093,CANAL - RABO DA GATA,NONE,cvp,ROUBO A RESIDÊNCIA,,,Segunda-feira,False,False,,,,ROUBO A RESIDÊNCIA,AIS 06,CAPITAL OESTE
2.0,AIS 06,,,AMADEU FURTADO,Fortaleza,,Sim,2026-05-18,,,,19:25:40,79155,4431160.0,,-3.7142346966,-38.5651991917,RUA Fᶜᵒ. SALGADO,NONE,cvp,ROUBO A FARMÁCIA,,,Segunda-feira,False,False,,,,ROUBO A FARMÁCIA,AIS 06,CAPITAL OESTE
2.0,AIS 21,,,AEROLANDIA,Fortaleza,,Sim,2026-05-18,,,,18:33:38,79142,4431158.0,,-3.7444072535,-38.4951054959,RUA ANTÔNIO DE PÁDUA NEVES JÚNIOR,NONE,cvp,ROUBO A PESSOA,,,Segunda-feira,False,False,,,,ROUBO A PESSOA,AIS 21,CAPITAL OESTE
2.0,AIS 21,,,AEROLANDIA,Fortaleza,,Sim,2026-05-18,,,,18:19:23,79143,4431157.0,,-3.7394360926,-38.4970295637,RUA LEONARDO MOTA,NONE,cvp,ROUBO A PESSOA,,,Segunda-feira,False,False,,,,ROUBO A PESSOA,AIS 21,CAPITAL OESTE
2.0,AIS 21,,,AEROLANDIA,Fortaleza,,Sim,2026-05-18,,,,14:59:31,79144,4431154.0,,-3.7613862813,-38.5209439581,AVENIDA BORGES DE MELO,NONE,cvp,ROUBO A COLETIVO,,,Segunda-feira,False,False,,,,ROUBO A COLETIVO,AIS 21,CAPITAL OESTE
2.0,AIS 21,,,AEROLANDIA,Fortaleza,,Sim,2026-05-18,,,,14:58:57,79145,4431153.0,,-3.7912344193,-38.5061036263,RUA B1,NONE,cvp,ROUBO A PESSOA,,,Segunda-feira,False,False,,,,ROUBO A PESSOA,AIS 21,CAPITAL OESTE
2.0,AIS 03,,Arma de fogo,,Sobral,,Sim,2026-05-18,,,,13:30:00,78954,4430508.0,26.0,-3.7058537653,-40.5777254943,POVOADO LAGOA DO MEIO,M,cvli,HOMICIDIO DOLOSO,,,Segunda-feira,False,False,,,1.0,HOMICIDIO DOLOSO,AIS 03,NORTE
2.0,AIS 21,,,AEROLANDIA,Fortaleza,,Sim,2026-05-18,,,,12:53:25,79146,4431152.0,,-3.7478538898,-38.4964827176,AVENIDA SENADOR VIRGÍLIO TÁVORA,NONE,cvp,ROUBO A FARMÁCIA,,,Segunda-feira,False,False,,,,ROUBO A FARMÁCIA,AIS 21,CAPITAL OESTE
2.0,AIS 21,,,AEROLANDIA,Fortaleza,,Sim,2026-05-18,,,,10:53:00,79147,4431151.0,,-3.7401534756,-38.4824401553,RUA VALDETÁRIO MOTA,NONE,cvp,ROUBO A PESSOA,,,Segunda-feira,False,False,,,,ROUBO A PESSOA,AIS 21,CAPITAL OESTE
2.0,AIS 23,,Arma de fogo,,Trairi,,Sim,2026-05-18,,,,09:00:00,78953,4430513.0,56.0,-3.2762346178,-39.2804025309,RUA FLORÊNCIO JOSE BARBOSA,M,cvli,ROUBO SEGUIDO DE MORTE (LATROCINIO),,,Segunda-feira,False,False,,,1.0,ROUBO SEGUIDO DE MORTE (LATROCINIO),AIS 23,RMF OESTE
2.0,AIS 28,,Outros meios,BARREIRA,Barreira,,Sim,2026-05-18,,,,08:10:00,78949,4430469.0,39.0,-4.2875111739,-38.6513258331,ESTRADA JATOBÁ 2,M,cvli,HOMICIDIO DOLOSO,,,Segunda-feira,False,False,,,1.0,HOMICIDIO DOLOSO,AIS 28,NORTE
2.0,AIS 04,,Arma de fogo,AMONTADA,Amontada,,Sim,2026-05-18,,,,06:00:00,78952 | 78951,4430463.0,26.0,-3.2741249412,-39.7857226708,ESTRADA RECANTO VILA URUBÚ,M,cvli,HOMICIDIO DOLOSO,,,Segunda-feira,False,False,,,2.0,HOMICIDIO DOLOSO,AIS 04,NORDESTE
2.0,AIS 04,,Arma de fogo,AMONTADA,Amontada,,Sim,2026-05-18,,,,06:00:00,78952,4430463.0,26.0,-3.2741249412,-39.7857226708,ESTRADA RECANTO VILA URUBÚ,M,cvli,HOMICIDIO DOLOSO,,,Segunda-feira,False,False,,,,HOMICIDIO DOLOSO,AIS 04,NORDESTE
2.0,AIS 04,,Arma de fogo,AMONTADA,Amontada,,Sim,2026-05-18,,,,06:00:00,78951,4430462.0,27.0,-3.2741249412,-39.7857226708,ESTRADA RECANTO VILA URUBÚ,M,cvli,HOMICIDIO DOLOSO,,,Segunda-feira,False,False,,,,HOMICIDIO DOLOSO,AIS 04,NORDESTE
2.0,AIS 08,,,ALDEOTA,Fortaleza,,Sim,2026-05-18,,,,05:23:48,79148,4431150.0,,-3.7215364753,-38.5189087018,RUA DRAGÃO DO MAR,NONE,cvp,ROUBO A PESSOA,,,Segunda-feira,False,False,,,,ROUBO A PESSOA,AIS 08,CAPITAL LESTE
2.0,AIS 04,,Arma de fogo,,Itapipoca,,Sim,2026-05-18,,,,04:00:00,78950,4430484.0,37.0,-3.1516249365,-39.4978630154,RUA RAIMUNDA ROCHA,M,cvli,HOMICIDIO DOLOSO,,,Segunda-feira,False,False,,,1.0,HOMICIDIO DOLOSO,AIS 04,NORDESTE
2.0,AIS 08,,,ALDEOTA,Fortaleza,,Sim,2026-05-18,,,,03:44:10,79149,4431149.0,,-3.7217055918,-38.5188079308,RUA DRAGÃO DO MAR,NONE,cvp,ROUBO A PESSOA,,,Segunda-feira,False,False,,,,ROUBO A PESSOA,AIS 08,CAPITAL LESTE
2.0,AIS 05,,,AEROPORTO,Fortaleza,,Sim,2026-05-18,,,,01:42:07,79150,4431147.0,,-3.7927118266,-38.5656191495,RUA NORUEGA,NONE,cvp,ROUBO A PESSOA,,,Segunda-feira,False,False,,,,ROUBO A PESSOA,AIS 05,CAPITAL OESTE
2.0,AIS 05,,,AEROPORTO,Fortaleza,,Sim,2026-05-18,,,,00:16:22,79151,4431144.0,,-3.732338234,-38.5408529095,RUA RÚBIA SAMPAIO,NONE,cvp,ROUBO A RESIDÊNCIA,,,Segunda-feira,False,False,,,,ROUBO A RESIDÊNCIA,AIS 05,CAPITAL OESTE
2.0,AIS 23,,Arma branca,,Paraipaba,,Sim,2026-05-17,,,,22:00:00,78947,4430496.0,66.0,-3.3613200588,-39.2040847394,RUA SANTA RITA,M,cvli,HOMICIDIO DOLOSO,,,Domingo,False,False,,,1.0,HOMICIDIO DOLOSO,AIS 23,RMF OESTE
2.0,AIS 34,,,ICO,Icó,,Sim,2026-05-17,,,,21:38:53,79141,4431234.0,,-6.3648498914,-38.7840621995,RODOVIA SANTOS DUMONT,NONE,cvp,ROUBO DE CARGA,,,Domingo,False,False,,,,ROUBO DE CARGA,AIS 34,SUL
2.0,AIS 05,,,AEROPORTO,Fortaleza,,Sim,2026-05-17,,,,19:06:58,79132,4431142.0,,-3.7320121248,-38.5494348975,AVENIDA BEZERRA DE MENEZES,NONE,cvp,ROUBO A FARMÁCIA,,,Domingo,False,False,,,,ROUBO A FARMÁCIA,AIS 05,CAPITAL OESTE
2.0,AIS 33,,Arma branca,,Araripe,,Sim,2026-05-17,,,,18:00:00,78948,4430466.0,39.0,-7.209533692,-40.1374907331,RUA JOAQUIM PAULINO,M,cvli,HOMICIDIO DOLOSO,,,Domingo,False,False,,,1.0,HOMICIDIO DOLOSO,AIS 33,SUL
2.0,AIS 07,,,CATUNDA,Catunda,,Sim,2026-05-17,,,,11:30:19,79138,4431224.0,,-4.6540368532,-40.2001503493,RUA MANOEL NOÉ ROSA CHAVES,NONE,cvp,ROUBO A ESTABELECIMENTO COMERCIAL,,,Domingo,False,False,,,,ROUBO A ESTABELECIMENTO COMERCIAL,AIS 07,NORTE
2.0,AIS 25,,,PACAJUS,Pacajus,,Sim,2026-05-17,,,,10:59:47,79139,4431213.0,,-4.1789745967,-38.4746543067,RUA FRANCISCO FERREIRA LIMA,NONE,cvp,ROUBO A PESSOA,,,Domingo,False,False,,,,ROUBO A PESSOA,AIS 25,RMF LESTE
2.0,AIS 21,,,AEROLANDIA,Fortaleza,,Sim,2026-05-17,,,,10:38:14,79133,4431141.0,,-3.7558533974,-38.541311116,AVENIDA PROFESSOR GOMES DE MATOS,NONE,cvp,ROUBO A PESSOA,,,Domingo,False,False,,,,ROUBO A PESSOA,AIS 21,CAPITAL OESTE
2.0,AIS 06,,,AMADEU FURTADO,Fortaleza,,Sim,2026-05-17,,,,10:17:38,79130,4431140.0,,-3.7739414658,-38.5986557729,RUA CAPITÃO THEÓGENES GONDIM,NONE,cvp,ROUBO A PESSOA,,,Domingo,False,False,,,,ROUBO A PESSOA,AIS 06,CAPITAL OESTE
2.0,AIS 06,,,ANTONIO BEZERRA,Fortaleza,,Sim,2026-05-17,,,,08:36:49,79129,4431139.0,,-3.7774403109,-38.5993164647,RUA VITAL BRASIL,NONE,cvp,ROUBO A PESSOA,,,Domingo,False,False,,,,ROUBO A PESSOA,AIS 06,CAPITAL OESTE
2.0,AIS 06,,,AMADEU FURTADO,Fortaleza,,Sim,2026-05-17,,,,08:15:51,79137,4431138.0,,-3.7233175725,-38.587362753,RUA MARIO CAMPOS,NONE,cvp,ROUBO A RESIDÊNCIA,,,Domingo,False,False,,,,ROUBO A RESIDÊNCIA,AIS 06,CAPITAL OESTE
2.0,AIS 06,,,AUTRAN NUNES,Fortaleza,,Sim,2026-05-17,,,,07:56:21,79136,4431137.0,,-3.7909335141,-38.6017782976,BOM JARDIM,NONE,cvp,ROUBO A PESSOA,,,Domingo,False,False,,,,ROUBO A PESSOA,AIS 06,CAPITAL OESTE
2.0,AIS 21,,,AEROLANDIA,Fortaleza,,Sim,2026-05-17,,,,06:47:29,79135,4431136.0,,-3.767431189,-38.5333354814,RUA HELVÉCIO MONTE,NONE,cvp,ROUBO A PESSOA,,,Domingo,False,False,,,,ROUBO A PESSOA,AIS 21,CAPITAL OESTE
2.0,AIS 32,,Arma de fogo,,Porteiras,,Sim,2026-05-17,,,,06:00:00,78946,4430500.0,58.0,-7.5423935642,-39.0344074751,SITIO MUQUÉM,M,cvli,HOMICIDIO DOLOSO,,,Domingo,False,False,,,1.0,HOMICIDIO DOLOSO,AIS 32,SUL
2.0,AIS 09,,,,Tabuleiro do Norte,,Sim,2026-05-17,,,,04:17:35,79131,4431267.0,,-4.9377499512,-37.974234322,RUA PADRE RAUL VIÊIRA,NONE,cvp,ROUBO A PESSOA,,,Domingo,False,False,,,,ROUBO A PESSOA,AIS 09,SUDESTE
2.0,AIS 01,,,,Quixeramobim,,Sim,2026-05-17,,,,02:40:10,79140,4431247.0,,-5.1940641465,-39.3042349155,TRAVESSA ANTÔNIO SARAÍVA,NONE,cvp,ROUBO A RESIDÊNCIA,,,Domingo,False,False,,,,ROUBO A RESIDÊNCIA,AIS 01,SUDESTE
2.0,AIS 06,,,AUTRAN NUNES,Fortaleza,,Sim,2026-05-17,,,,01:35:44,79134,4431135.0,,-3.7902046205,-38.6092956639,RUA CORONEL JOÃO CORREIA,NONE,cvp,ROUBO A PESSOA,,,Domingo,False,False,,,,ROUBO A PESSOA,AIS 06,CAPITAL OESTE
2.0,AIS 17,,,CANINDEZINHO,Maracanaú,,Sim,2026-05-16,,,,23:41:22,79119,4431209.0,,-3.8565676177,-38.5886864632,RUA GERALDO AVELINO FERREIRA,NONE,cvp,ROUBO A POSTO DE GASOLINA,,,Sábado,False,False,,,,ROUBO A POSTO DE GASOLINA,AIS 17,CAPITAL OESTE
2.0,AIS 16,,,ANCURI,Fortaleza,,Sim,2026-05-16,,,,21:53:16,79125,4431132.0,,-3.8318848799,-38.5191463238,AVENIDA GOVERNADOR LEONEL BRIZOLA,NONE,cvp,ROUBO A PESSOA,,,Sábado,False,False,,,,ROUBO A PESSOA,AIS 16,CAPITAL LESTE
2.0,AIS 16,,,ANCURI,Fortaleza,,Sim,2026-05-16,,,,21:45:35,79124,4431131.0,,-3.8388078825,-38.5169246033,RUA MANDACARU,NONE,cvp,ROUBO A PESSOA,,,Sábado,False,False,,,,ROUBO A PESSOA,AIS 16,CAPITAL LESTE
2.0,AIS 06,,,ANTONIO BEZERRA,Caucaia,,Sim,2026-05-16,,,,21:19:41,79120,4430913.0,,-3.7504429809,-38.6275143954,RUA DOM ORIONE,NONE,cvp,ROUBO A RESIDÊNCIA,,,Sábado,False,False,,,,ROUBO A RESIDÊNCIA,AIS 06,CAPITAL OESTE
2.0,AIS 32,,Arma de fogo,,Brejo Santo,,Sim,2026-05-16,,,,20:40:00,78944,4430472.0,19.0,-7.487287931,-38.9964835153,RUA PEDRO CRISÓSTOMO,M,cvli,HOMICIDIO DOLOSO,,,Sábado,False,False,,,1.0,HOMICIDIO DOLOSO,AIS 32,SUL
2.0,AIS 21,,,AEROLANDIA,Fortaleza,,Sim,2026-05-16,,,,19:59:28,79126,4431129.0,,-3.7395170411,-38.4940181866,AVENIDA SENADOR VIRGÍLIO TÁVORA,NONE,cvp,ROUBO A FARMÁCIA,,,Sábado,False,False,,,,ROUBO A FARMÁCIA,AIS 21,CAPITAL OESTE
2.0,AIS 34,,,,Icó,,Sim,2026-05-16,,,,19:48:17,79118,4431233.0,,-6.4075684739,-38.8618521482,RUA UZIAS SOARES DINIZ,NONE,cvp,ROUBO A PESSOA,,,Sábado,False,False,,,,ROUBO A PESSOA,AIS 34,SUL
2.0,AIS 08,,,CAIS DO PORTO,Fortaleza,,Sim,2026-05-16,,,,17:04:26,79122,4431125.0,,-3.7489035859,-38.4467844138,AVENIDA CLÓVIS ARRAIS MAIA,NONE,cvp,ROUBO A PESSOA,,,Sábado,False,False,,,,ROUBO A PESSOA,AIS 08,CAPITAL LESTE
2.0,AIS 21,,,AEROLANDIA,Fortaleza,,Sim,2026-05-16,,,,14:32:32,79123,4431124.0,,-3.7327200921,-38.4979751705,PRAÇA PORTUGAL,NONE,cvp,ROUBO A PESSOA,,,Sábado,False,False,,,,ROUBO A PESSOA,AIS 21,CAPITAL OESTE
2.0,AIS 01,,Arma branca,,Ibaretama,,Sim,2026-05-16,,,,08:40:00,78943,4430479.0,51.0,-4.8191237906,-38.8229832037,RUA VALDEVINO CABRAL,M,cvli,HOMICIDIO DOLOSO,,,Sábado,False,False,,,1.0,HOMICIDIO DOLOSO,AIS 01,SUDESTE
2.0,AIS 08,,,ALDEOTA,Fortaleza,,Sim,2026-05-16,,,,08:14:58,79121,4431121.0,,-3.7304082817,-38.4906801672,RUA SILVA JATAHY,NONE,cvp,ROUBO A ESTABELECIMENTO COMERCIAL,,,Sábado,False,False,,,,ROUBO A ESTABELECIMENTO COMERCIAL,AIS 08,CAPITAL LESTE
2.0,AIS 05,,,AEROPORTO,Fortaleza,,Sim,2026-05-16,,,,07:39:10,79128,4431120.0,,-3.7897255446,-38.5651190928,RUA NORUEGA,NONE,cvp,ROUBO A PESSOA,,,Sábado,False,False,,,,ROUBO A PESSOA,AIS 05,CAPITAL OESTE
2.0,AIS 21,,,AEROLANDIA,Fortaleza,,Sim,2026-05-16,,,,05:53:45,79127,4431119.0,,-3.7443833642,-38.5384210886,RUA JOÃO GENTIL,NONE,cvp,ROUBO A PESSOA,,,Sábado,False,False,,,,ROUBO A PESSOA,AIS 21,CAPITAL OESTE
2.0,AIS 16,,Arma de fogo,ANCURI,Fortaleza,,Sim,2026-05-16,,,,02:14:00,78942,4430447.0,32.0,-3.8327644151,-38.5188902448,RUA 404,M,cvli,HOMICIDIO DOLOSO,,,Sábado,False,False,,,1.0,HOMICIDIO DOLOSO,AIS 16,CAPITAL LESTE
2.0,AIS 27,,Arma branca,URUOCA,Uruoca,,Sim,2026-05-16,,,,01:30:00,78945,4430518.0,31.0,-3.3557933899,-40.7014207684,SITIO JURUMENHA,M,cvli,HOMICIDIO DOLOSO,,,Sábado,False,False,,,1.0,HOMICIDIO DOLOSO,AIS 27,NORTE
2.0,AIS 21,,,AEROLANDIA,Fortaleza,,Sim,2026-05-15,,,,17:59:31,79111,4431118.0,,-3.7433146082,-38.5163719757,RUA JOÃO COSTA,NONE,cvp,ROUBO A PESSOA,,,Sexta-feira,False,False,,,,ROUBO A PESSOA,AIS 21,CAPITAL OESTE
2.0,AIS 06,,,ANTONIO BEZERRA,Caucaia,,Sim,2026-05-15,,,,13:35:58,79110,4430912.0,,-3.7432672977,-38.6145972246,RODOVIA PRESIDENTE JUSCELINO KUBITSCHEK,NONE,cvp,ROUBO A PESSOA,,,Sexta-feira,False,False,,,,ROUBO A PESSOA,AIS 06,CAPITAL OESTE
2.0,AIS 07,,,CRATEUS,Crateús,,Sim,2026-05-15,,,,12:08:25,79117,4431229.0,,-5.1826613971,-40.6728308987,RUA FRANCISCO MARIANO,NONE,cvp,ROUBO A PESSOA,,,Sexta-feira,False,False,,,,ROUBO A PESSOA,AIS 07,NORTE
2.0,AIS 11,,Arma de fogo,CARNAUBAL,Carnaubal,,Sim,2026-05-15,,,,11:00:00,78940,4430474.0,50.0,-4.1661851857,-41.0015156853,ESTRADA SEM NOME,M,cvli,HOMICIDIO DOLOSO,,,Sexta-feira,False,False,,,1.0,HOMICIDIO DOLOSO,AIS 11,NORDESTE
2.0,AIS 33,,Arma de fogo,,Campos Sales,,Sim,2026-05-15,,,,10:00:00,78941,4430473.0,34.0,-7.0799846878,-40.3688882331,RUA ISABEL MENDES,M,cvli,HOMICIDIO DOLOSO,,,Sexta-feira,False,False,,,1.0,HOMICIDIO DOLOSO,AIS 33,SUL
2.0,AIS 21,,,AEROLANDIA,Fortaleza,,Sim,2026-05-15,,,,09:02:44,78938,4429430.0,,-3.7528968367,-38.5225610442,RUA JOÃO LOBO FILHO,NONE,cvp,ROUBO A COLETIVO,,,Sexta-feira,False,False,,,,ROUBO A COLETIVO,AIS 21,CAPITAL OESTE
2.0,AIS 21,,,AEROLANDIA,Fortaleza,,Sim,2026-05-15,,,,09:02:44,79116,4431114.0,,-3.7528968367,-38.5225610442,RUA JOÃO LOBO FILHO,NONE,cvp,ROUBO A COLETIVO,,,Sexta-feira,False,False,,,,ROUBO A COLETIVO,AIS 21,CAPITAL OESTE
2.0,AIS 16,,,ANCURI,Fortaleza,,Sim,2026-05-15,,,,08:32:06,78934,4429429.0,,-3.8676985407,-38.5095975758,RODOVIA 4º ANEL VIÁRIO,NONE,cvp,ROUBO A PESSOA,,,Sexta-feira,False,False,,,,ROUBO A PESSOA,AIS 16,CAPITAL LESTE
2.0,AIS 16,,,ANCURI,Fortaleza,,Sim,2026-05-15,,,,08:32:06,79115,4431113.0,,-3.8676985407,-38.5095975758,RODOVIA 4º ANEL VIÁRIO,NONE,cvp,ROUBO A PESSOA,,,Sexta-feira,False,False,,,,ROUBO A PESSOA,AIS 16,CAPITAL LESTE
2.0,AIS 21,,,AEROLANDIA,Fortaleza,,Sim,2026-05-15,,,,05:06:52,78937,4429428.0,,-3.7918610016,-38.5169943231,RUA JOANA MOREIRA,NONE,cvp,ROUBO A POSTO DE GASOLINA,,,Sexta-feira,False,False,,,,ROUBO A POSTO DE GASOLINA,AIS 21,CAPITAL OESTE
2.0,AIS 21,,,AEROLANDIA,Fortaleza,,Sim,2026-05-15,,,,05:06:52,79114,4431111.0,,-3.7918610016,-38.5169943231,RUA JOANA MOREIRA,NONE,cvp,ROUBO A POSTO DE GASOLINA,,,Sexta-feira,False,False,,,,ROUBO A POSTO DE GASOLINA,AIS 21,CAPITAL OESTE
2.0,AIS 17,,,BOM JARDIM,Fortaleza,,Sim,2026-05-15,,,,04:50:21,78935,4429427.0,,-3.804442476,-38.5843481026,RUA PROFESSOR GLAUCO LOBO,NONE,cvp,ROUBO A PESSOA,,,Sexta-feira,False,False,,,,ROUBO A PESSOA,AIS 17,CAPITAL OESTE
2.0,AIS 17,,,BOM JARDIM,Fortaleza,,Sim,2026-05-15,,,,04:50:21,79113,4431110.0,,-3.804442476,-38.5843481026,RUA PROFESSOR GLAUCO LOBO,NONE,cvp,ROUBO A PESSOA,,,Sexta-feira,False,False,,,,ROUBO A PESSOA,AIS 17,CAPITAL OESTE
2.0,AIS 16,,,ANCURI,Fortaleza,,Sim,2026-05-15,,,,03:29:31,78936,4429426.0,,-3.8308064568,-38.5209537943,AVENIDA GOVERNADOR LEONEL BRIZOLA,NONE,cvp,ROUBO A PESSOA,,,Sexta-feira,False,False,,,,ROUBO A PESSOA,AIS 16,CAPITAL LESTE
2.0,AIS 16,,,ANCURI,Fortaleza,,Sim,2026-05-15,,,,03:29:31,79112,4431109.0,,-3.8308064568,-38.5209537943,AVENIDA GOVERNADOR LEONEL BRIZOLA,NONE,cvp,ROUBO A PESSOA,,,Sexta-feira,False,False,,,,ROUBO A PESSOA,AIS 16,CAPITAL LESTE
2.0,AIS 21,,Arma de fogo,AEROLANDIA,Fortaleza,,Sim,2026-05-15,,,,01:41:00,78939,4430449.0,26.0,-3.8144290076,-38.5050006743,RUA WALDA GUIMARÃES SAUNDERS,M,cvli,HOMICIDIO DOLOSO,,,Sexta-feira,False,False,,,1.0,HOMICIDIO DOLOSO,AIS 21,CAPITAL OESTE
2.0,AIS 21,,,AEROLANDIA,Fortaleza,,Sim,2026-05-14,,,,19:16:32,78915,4429425.0,,-3.7370761996,-38.4982863544,AVENIDA SANTOS DUMONT,NONE,cvp,ROUBO A PESSOA,,,Quinta-feira,False,False,,,,ROUBO A PESSOA,AIS 21,CAPITAL OESTE
2.0,AIS 21,,,AEROLANDIA,Fortaleza,,Sim,2026-05-14,,,,18:28:14,78913,4429424.0,,-3.8176920838,-38.4970016945,AVENIDA FREI CIRILO,NONE,cvp,ROUBO A ESTABELECIMENTO COMERCIAL,,,Quinta-feira,False,False,,,,ROUBO A ESTABELECIMENTO COMERCIAL,AIS 21,CAPITAL OESTE
2.0,AIS 17,,,CANINDEZINHO,Maracanaú,,Sim,2026-05-14,,,,18:25:56,78930,4429457.0,,-3.8489139562,-38.5987210818,AVENIDA SENADOR VIRGÍLIO TÁVORA,NONE,cvp,ROUBO A PESSOA C/ CONSTRANGIMENTO DA LIBERDADE,,,Quinta-feira,False,False,,,,ROUBO A PESSOA C/ CONSTRANGIMENTO DA LIBERDADE,AIS 17,CAPITAL OESTE
2.0,AIS 33,,Arma de fogo,POTENGI,Potengi,,Sim,2026-05-14,,,,18:00:00,78780,4428922.0,36.0,-7.0893813211,-40.0116055878,VILA SARAÍVA,M,cvli,HOMICIDIO DOLOSO,,,Quinta-feira,False,False,,,1.0,HOMICIDIO DOLOSO,AIS 33,SUL
2.0,AIS 21,,,AEROLANDIA,Fortaleza,,Sim,2026-05-14,,,,15:30:43,78914,4429422.0,,-3.758036377,-38.4853883463,RUA DOUTOR MÁRLIO FERNANDES,NONE,cvp,ROUBO A PESSOA,,,Quinta-feira,False,False,,,,ROUBO A PESSOA,AIS 21,CAPITAL OESTE
2.0,AIS 08,,,ALDEOTA,Fortaleza,,Sim,2026-05-14,,,,13:50:35,78916,4429420.0,,-3.7350413168,-38.4665502043,AVENIDA PROFESSOR EUCLIDES CESAR,NONE,cvp,ROUBO A RESIDÊNCIA,,,Quinta-feira,False,False,,,,ROUBO A RESIDÊNCIA,AIS 08,CAPITAL LESTE
2.0,AIS 06,,,AMADEU FURTADO,Fortaleza,,Sim,2026-05-14,,,,12:00:37,78912,4429419.0,,-3.7637709044,-38.5799205119,RUA DESEMBARGADOR LUÍS PAULINO,NONE,cvp,ROUBO A ESTABELECIMENTO COMERCIAL,,,Quinta-feira,False,False,,,,ROUBO A ESTABELECIMENTO COMERCIAL,AIS 06,CAPITAL OESTE
2.0,AIS 05,,,AEROPORTO,Fortaleza,,Sim,2026-05-14,,,,11:49:45,78920,4429418.0,,-3.7483852134,-38.560814405,AVENIDA HUMBERTO MONTE,NONE,cvp,ROUBO A FARMÁCIA,,,Quinta-feira,False,False,,,,ROUBO A FARMÁCIA,AIS 05,CAPITAL OESTE
2.0,AIS 04,,,,Itapipoca,,Sim,2026-05-14,,,,10:38:22,78933,4429476.0,,-3.6777658719,-40.3489390469,RUA PEDRO MENDES CARNEIRO,NONE,cvp,ROUBO A ESTABELECIMENTO COMERCIAL,,,Quinta-feira,False,False,,,,ROUBO A ESTABELECIMENTO COMERCIAL,AIS 04,NORDESTE
2.0,AIS 03,,,,Sobral,,Sim,2026-05-14,,,,10:38:07,78921,4429500.0,,-3.6777658719,-40.3489390469,RUA PEDRO MENDES CARNEIRO,NONE,cvp,ROUBO A RESIDÊNCIA,,,Quinta-feira,False,False,,,,ROUBO A RESIDÊNCIA,AIS 03,NORTE
2.0,AIS 07,,,,Crateús,,Sim,2026-05-14,,,,10:24:21,78929,4429468.0,,-3.6818162187,-40.3412521252,AVENIDA DOUTOR GUARANI,NONE,cvp,ROUBO A PESSOA,,,Quinta-feira,False,False,,,,ROUBO A PESSOA,AIS 07,NORTE
2.0,AIS 03,,,,Sobral,,Sim,2026-05-14,,,,10:21:21,78927,4429498.0,,-3.6818273451,-40.3413108398,AVENIDA DOUTOR GUARANI,NONE,cvp,ROUBO A RESIDÊNCIA,,,Quinta-feira,False,False,,,,ROUBO A RESIDÊNCIA,AIS 03,NORTE
2.0,AIS 03,,,,Sobral,,Sim,2026-05-14,,,,10:14:21,78926,4429497.0,,-3.6818421732,-40.3413140129,AVENIDA DOUTOR GUARANI,NONE,cvp,ROUBO A PESSOA,,,Quinta-feira,False,False,,,,ROUBO A PESSOA,AIS 03,NORTE
2.0,AIS 03,,,,Sobral,,Sim,2026-05-14,,,,10:13:51,78925,4429496.0,,-3.6818421732,-40.3413140129,AVENIDA DOUTOR GUARANI,NONE,cvp,ROUBO A ESTABELECIMENTO COMERCIAL,,,Quinta-feira,False,False,,,,ROUBO A ESTABELECIMENTO COMERCIAL,AIS 03,NORTE
2.0,AIS 03,,,,Sobral,,Sim,2026-05-14,,,,10:13:21,78928,4429495.0,,-3.6818525458,-40.3413329342,AVENIDA DOUTOR GUARANI,NONE,cvp,ROUBO A RESIDÊNCIA,,,Quinta-feira,False,False,,,,ROUBO A RESIDÊNCIA,AIS 03,NORTE
2.0,AIS 03,,,,Sobral,,Sim,2026-05-14,,,,10:12:21,78922,4429492.0,,-3.6769244001,-40.3387510607,AVENIDA MARGARIDA MOURA,NONE,cvp,ROUBO A PESSOA,,,Quinta-feira,False,False,,,,ROUBO A PESSOA,AIS 03,NORTE
2.0,AIS 03,,,,Sobral,,Sim,2026-05-14,,,,10:11:51,78923,4429491.0,,-3.676916485,-40.3387819282,AVENIDA MARGARIDA MOURA,NONE,cvp,ROUBO A ESTABELECIMENTO COMERCIAL,,,Quinta-feira,False,False,,,,ROUBO A ESTABELECIMENTO COMERCIAL,AIS 03,NORTE
2.0,AIS 03,,,,Sobral,,Sim,2026-05-14,,,,10:10:36,78924,4429490.0,,-3.6777069107,-40.3392429661,AVENIDA MARGARIDA MOURA,NONE,cvp,ROUBO A PESSOA,,,Quinta-feira,False,False,,,,ROUBO A PESSOA,AIS 03,NORTE
2.0,AIS 28,,,,Canindé,,Sim,2026-05-14,,,,10:08:51,78931,4429464.0,,-7.068049053,-40.3704065797,RUA DA PATRIARCA,NONE,cvp,ROUBO A PESSOA,,,Quinta-feira,False,False,,,,ROUBO A PESSOA,AIS 28,NORTE
2.0,AIS 21,,,AEROLANDIA,Fortaleza,,Sim,2026-05-14,,,,09:42:33,78919,4429417.0,,-3.7918972781,-38.5439130579,RUA PEDRO ÁGUIAR,NONE,cvp,ROUBO A PESSOA,,,Quinta-feira,False,False,,,,ROUBO A PESSOA,AIS 21,CAPITAL OESTE
2.0,AIS 21,,,AEROLANDIA,Fortaleza,,Sim,2026-05-14,,,,09:10:41,78918,4429416.0,,-3.7413741524,-38.5040146334,RUA TIBÚRCIO CAVALCANTE,NONE,cvp,ROUBO A PESSOA,,,Quinta-feira,False,False,,,,ROUBO A PESSOA,AIS 21,CAPITAL OESTE
2.0,AIS 21,,,AEROLANDIA,Fortaleza,,Sim,2026-05-14,,,,05:15:46,78917,4429415.0,,-3.7335839858,-38.5409095371,RUA RÚBIA SAMPAIO,NONE,cvp,ROUBO A PESSOA,,,Quinta-feira,False,False,,,,ROUBO A PESSOA,AIS 21,CAPITAL OESTE
2.0,AIS 04,,Arma de fogo,,Itapipoca,,Sim,2026-05-14,,,,04:50:00,78781,4428911.0,32.0,-3.1855381894,-39.5177791448,CE-168,F,cvli,HOMICIDIO DOLOSO,,,Quinta-feira,False,False,,,1.0,HOMICIDIO DOLOSO,AIS 04,NORDESTE
2.0,AIS 12,,,INDUSTRIAL,Maracanaú,,Sim,2026-05-14,,,,04:21:21,78932,4429456.0,,-3.8776430545,-38.6190317459,RUA 10,NONE,cvp,ROUBO A ESTABELECIMENTO COMERCIAL,,,Quinta-feira,False,False,,,,ROUBO A ESTABELECIMENTO COMERCIAL,AIS 14,RMF OESTE
2.0,AIS 21,,,AEROLANDIA,Fortaleza,,Sim,2026-05-13,,,,22:37:52,78910,4429413.0,,-3.7461314357,-38.4994961377,AVENIDA ANTÔNIO SALES,NONE,cvp,ROUBO A PESSOA,,,Quarta-feira,False,False,,,,ROUBO A PESSOA,AIS 21,CAPITAL OESTE
2.0,AIS 21,,,AEROLANDIA,Fortaleza,,Sim,2026-05-13,,,,18:41:16,78911,4429412.0,,-3.8012553286,-38.4810729232,RUA CRISANTO MOREIRA DA ROCHA,NONE,cvp,ROUBO A PESSOA,,,Quarta-feira,False,False,,,,ROUBO A PESSOA,AIS 21,CAPITAL OESTE
2.0,AIS 28,,Arma de fogo,,Boa Viagem,,Sim,2026-05-13,,,,18:30:00,78778,4428899.0,45.0,-4.9899859668,-39.6919464154,ESTRADA OLHO D'ÁGUA DOS FACUNDOS,M,cvli,HOMICIDIO DOLOSO,,,Quarta-feira,False,False,,,1.0,HOMICIDIO DOLOSO,AIS 28,NORTE
2.0,AIS 05,,,AEROPORTO,Fortaleza,,Sim,2026-05-13,,,,15:40:17,78904,4429411.0,,-3.7685436564,-38.57841902,AVENIDA LINEU MACHADO,NONE,cvp,ROUBO A PESSOA,,,Quarta-feira,False,False,,,,ROUBO A PESSOA,AIS 05,CAPITAL OESTE
2.0,AIS 28,,,ACARAPE,Acarape,,Sim,2026-05-13,,,,13:45:03,78773,4428156.0,,-4.2214662668,-38.704628062,RUA JULIETA TINÔCO,NONE,cvp,ROUBO A PESSOA,,,Quarta-feira,False,False,,,,ROUBO A PESSOA,AIS 28,NORTE
2.0,AIS 28,,,ACARAPE,Acarape,,Sim,2026-05-13,,,,13:45:03,78903,4429459.0,,-4.2214662668,-38.704628062,RUA JULIETA TINÔCO,NONE,cvp,ROUBO A PESSOA,,,Quarta-feira,False,False,,,,ROUBO A PESSOA,AIS 28,NORTE
2.0,AIS 11,,Arma de fogo,TIANGUA,Tianguá,,Sim,2026-05-13,,,,13:30:00,78779,4428932.0,29.0,-3.751931683,-41.0086111037,ESTRADA SEM NOME,M,cvli,HOMICIDIO DOLOSO,,,Quarta-feira,False,False,,,1.0,HOMICIDIO DOLOSO,AIS 11,NORDESTE
2.0,AIS 16,,,ANCURI,Fortaleza,,Sim,2026-05-13,,,,12:47:09,78772,4428132.0,,-3.8302940672,-38.4929267062,RUA CORONEL FRANCISCO PEREIRA,NONE,cvp,ROUBO A ESTABELECIMENTO COMERCIAL,,,Quarta-feira,False,False,,,,ROUBO A ESTABELECIMENTO COMERCIAL,AIS 16,CAPITAL LESTE
2.0,AIS 16,,,ANCURI,Fortaleza,,Sim,2026-05-13,,,,12:47:09,78905,4429410.0,,-3.8302940672,-38.4929267062,RUA CORONEL FRANCISCO PEREIRA,NONE,cvp,ROUBO A ESTABELECIMENTO COMERCIAL,,,Quarta-feira,False,False,,,,ROUBO A ESTABELECIMENTO COMERCIAL,AIS 16,CAPITAL LESTE
2.0,AIS 21,,,AEROLANDIA,Fortaleza,,Sim,2026-05-13,,,,11:09:29,78768,4428131.0,,-3.7956811581,-38.4909958324,AVENIDA OLIVEIRA PAIVA,NONE,cvp,ROUBO A FARMÁCIA,,,Quarta-feira,False,False,,,,ROUBO A FARMÁCIA,AIS 21,CAPITAL OESTE
2.0,AIS 21,,,AEROLANDIA,Fortaleza,,Sim,2026-05-13,,,,11:09:29,78906,4429409.0,,-3.7956811581,-38.4909958324,AVENIDA OLIVEIRA PAIVA,NONE,cvp,ROUBO A FARMÁCIA,,,Quarta-feira,False,False,,,,ROUBO A FARMÁCIA,AIS 21,CAPITAL OESTE
2.0,AIS 06,,,AUTRAN NUNES,Fortaleza,,Sim,2026-05-13,,,,08:54:40,78770,4428130.0,,-3.7988910754,-38.6015730048,RUA SÃO FRANCISCO DO JARDIM,NONE,cvp,ROUBO A PESSOA,,,Quarta-feira,False,False,,,,ROUBO A PESSOA,AIS 06,CAPITAL OESTE
2.0,AIS 06,,,AUTRAN NUNES,Fortaleza,,Sim,2026-05-13,,,,08:54:40,78907,4429408.0,,-3.7988910754,-38.6015730048,RUA SÃO FRANCISCO DO JARDIM,NONE,cvp,ROUBO A PESSOA,,,Quarta-feira,False,False,,,,ROUBO A PESSOA,AIS 06,CAPITAL OESTE
2.0,AIS 21,,,AEROLANDIA,Fortaleza,,Sim,2026-05-13,,,,07:29:57,78771,4428129.0,,-3.7370750176,-38.5444183304,AVENIDA JOVITA FEITOSA,NONE,cvp,ROUBO A PESSOA,,,Quarta-feira,False,False,,,,ROUBO A PESSOA,AIS 21,CAPITAL OESTE
2.0,AIS 21,,,AEROLANDIA,Fortaleza,,Sim,2026-05-13,,,,07:29:57,78908,4429407.0,,-3.7370750176,-38.5444183304,AVENIDA JOVITA FEITOSA,NONE,cvp,ROUBO A PESSOA,,,Quarta-feira,False,False,,,,ROUBO A PESSOA,AIS 21,CAPITAL OESTE
2.0,AIS 08,,,ALDEOTA,Fortaleza,,Sim,2026-05-13,,,,05:05:38,78769,4428128.0,,-3.7230184143,-38.5063786425,RUA MONSENHOR BRUNO,NONE,cvp,ROUBO A PESSOA,,,Quarta-feira,False,False,,,,ROUBO A PESSOA,AIS 08,CAPITAL LESTE
2.0,AIS 08,,,ALDEOTA,Fortaleza,,Sim,2026-05-13,,,,05:05:38,78909,4429406.0,,-3.7230184143,-38.5063786425,RUA MONSENHOR BRUNO,NONE,cvp,ROUBO A PESSOA,,,Quarta-feira,False,False,,,,ROUBO A PESSOA,AIS 08,CAPITAL LESTE
2.0,AIS 16,,,ANCURI,Fortaleza,,Sim,2026-05-12,,,,23:43:25,78766,4428127.0,,-3.8311700822,-38.4891952949,RUA ANTÔNIO BARROS,NONE,cvp,ROUBO A PESSOA,,,Terça-feira,False,False,,,,ROUBO A PESSOA,AIS 16,CAPITAL LESTE
2.0,AIS 23,,Arma de fogo,,Trairi,,Sim,2026-05-12,,,,22:30:00,78644,4427703.0,15.0,-3.2208178984,-39.3719444037,RUA HOSPITAL,M,cvli,HOMICIDIO DOLOSO,,,Terça-feira,False,False,,,1.0,HOMICIDIO DOLOSO,AIS 23,RMF OESTE
2.0,AIS 01,,,,Quixeramobim,,Sim,2026-05-12,,,,21:59:56,78761,4428173.0,,-5.1884412458,-39.2887958789,AVENIDA HUMBERTO SENA,NONE,cvp,ROUBO A ESTABELECIMENTO COMERCIAL,,,Terça-feira,False,False,,,,ROUBO A ESTABELECIMENTO COMERCIAL,AIS 01,SUDESTE
2.0,AIS 04,,Arma de fogo,ITAPAJE,Itapajé,,Sim,2026-05-12,,,,20:40:00,78646,4427679.0,18.0,-3.7530415448,-39.5447228742,POVOADO AREIAS,M,cvli,HOMICIDIO DOLOSO,,,Terça-feira,False,False,,,1.0,HOMICIDIO DOLOSO,AIS 04,NORDESTE
2.0,AIS 03,,,,Sobral,,Sim,2026-05-12,,,,16:56:32,78762,4428181.0,,-3.6818480106,-40.3412816118,AVENIDA DOUTOR GUARANI,NONE,cvp,ROUBO A RESIDÊNCIA,,,Terça-feira,False,False,,,,ROUBO A RESIDÊNCIA,AIS 03,NORTE
2.0,AIS 01,,Arma de fogo,,Quixadá,,Sim,2026-05-12,,,,16:50:00,78641,4427695.0,42.0,-4.9652001982,-39.0357226742,RUA ABRAÃO BAQUIT,M,cvli,HOMICIDIO DOLOSO,,,Terça-feira,False,False,,,1.0,HOMICIDIO DOLOSO,AIS 01,SUDESTE
2.0,AIS 17,,,BOM JARDIM,Fortaleza,,Sim,2026-05-12,,,,15:21:40,78763,4428124.0,,-3.8208561678,-38.5862957792,RUA F,NONE,cvp,ROUBO A ESTABELECIMENTO COMERCIAL,,,Terça-feira,False,False,,,,ROUBO A ESTABELECIMENTO COMERCIAL,AIS 17,CAPITAL OESTE
2.0,AIS 10,,Arma branca,,Jucás,,Sim,2026-05-12,,,,10:53:00,78645,4427684.0,60.0,-6.4778117478,-39.4576175065,CE-375,M,cvli,HOMICIDIO DOLOSO,,,Terça-feira,False,False,,,1.0,HOMICIDIO DOLOSO,AIS 10,SUL
2.0,AIS 21,,,AEROLANDIA,Fortaleza,,Sim,2026-05-12,,,,07:53:02,78640,4427559.0,,-3.8036615649,-38.4931147037,AVENIDA ENGENHEIRO AGRÔNOMO JOSÉ GUIMARÃES DUQUE,NONE,cvp,ROUBO A PESSOA,,,Terça-feira,False,False,,,,ROUBO A PESSOA,AIS 21,CAPITAL OESTE
2.0,AIS 21,,,AEROLANDIA,Fortaleza,,Sim,2026-05-12,,,,07:53:02,78764,4428122.0,,-3.8036615649,-38.4931147037,AVENIDA ENGENHEIRO AGRÔNOMO JOSÉ GUIMARÃES DUQUE,NONE,cvp,ROUBO A PESSOA,,,Terça-feira,False,False,,,,ROUBO A PESSOA,AIS 21,CAPITAL OESTE
2.0,AIS 06,,,AMADEU FURTADO,Fortaleza,,Sim,2026-05-12,,,,07:31:42,78639,4427558.0,,-3.7174055163,-38.595457432,AVENIDA MOZART PINHEIRO DE LUCENA,NONE,cvp,ROUBO A FARMÁCIA,,,Terça-feira,False,False,,,,ROUBO A FARMÁCIA,AIS 06,CAPITAL OESTE
2.0,AIS 06,,,AMADEU FURTADO,Fortaleza,,Sim,2026-05-12,,,,07:31:42,78765,4428121.0,,-3.7174055163,-38.595457432,AVENIDA MOZART PINHEIRO DE LUCENA,NONE,cvp,ROUBO A FARMÁCIA,,,Terça-feira,False,False,,,,ROUBO A FARMÁCIA,AIS 06,CAPITAL OESTE
2.0,AIS 31,,Arma de fogo,,Pedra Branca,,Sim,2026-05-12,,,,07:30:00,78642,4427692.0,27.0,-5.4552617742,-39.7150013448,BR-226,M,cvli,HOMICIDIO DOLOSO,,,Terça-feira,False,False,,,1.0,HOMICIDIO DOLOSO,AIS 31,SUDESTE
2.0,AIS 09,,Arma de fogo,,Morada Nova,,Sim,2026-05-12,,,,06:17:00,78643,4427687.0,39.0,-4.5743566271,-38.3588573448,RUA FRANCISCO GALVÃO,M,cvli,HOMICIDIO DOLOSO,,,Terça-feira,False,False,,,1.0,HOMICIDIO DOLOSO,AIS 09,SUDESTE
2.0,AIS 21,,,AEROLANDIA,Fortaleza,,Sim,2026-05-12,,,,05:53:29,78638,4427557.0,,-3.7832268068,-38.4816392467,RUA ANTÔNIO FORTES,NONE,cvp,ROUBO A PESSOA,,,Terça-feira,False,False,,,,ROUBO A PESSOA,AIS 21,CAPITAL OESTE
2.0,AIS 21,,,AEROLANDIA,Fortaleza,,Sim,2026-05-12,,,,05:53:29,78767,4428120.0,,-3.7832268068,-38.4816392467,RUA ANTÔNIO FORTES,NONE,cvp,ROUBO A PESSOA,,,Terça-feira,False,False,,,,ROUBO A PESSOA,AIS 21,CAPITAL OESTE
2.0,AIS 21,,,AEROLANDIA,Fortaleza,,Sim,2026-05-11,,,,20:41:09,78627,4427556.0,,-3.769233963,-38.5165801498,RUA CAPITĀO CLÓVIS MAIA,NONE,cvp,ROUBO A POSTO DE GASOLINA,,,Segunda-feira,False,False,,,,ROUBO A POSTO DE GASOLINA,AIS 21,CAPITAL OESTE
2.0,AIS 30,,Arma de fogo,,Quiterianópolis,,Sim,2026-05-11,,,,20:23:00,78523 | 78520,4427148.0,40.0,-5.849272987,-40.7044098038,AVENIDA LAURINDO GOMES,M,cvli,HOMICIDIO DOLOSO,,,Segunda-feira,False,False,,,1.0,HOMICIDIO DOLOSO,AIS 30,SUDESTE
2.0,AIS 05,,,AEROPORTO,Fortaleza,,Sim,2026-05-11,,,,20:16:59,78632,4427555.0,,-3.7489191348,-38.5568545461,RUA TAVÁRES IRACEMA,NONE,cvp,ROUBO A PESSOA,,,Segunda-feira,False,False,,,,ROUBO A PESSOA,AIS 05,CAPITAL OESTE
2.0,AIS 21,,,AEROLANDIA,Fortaleza,,Sim,2026-05-11,,,,17:59:55,78631,4427552.0,,-3.8016030595,-38.5291630241,RUA ANTÔNIO FERREIRA,NONE,cvp,ROUBO A PESSOA,,,Segunda-feira,False,False,,,,ROUBO A PESSOA,AIS 21,CAPITAL OESTE
2.0,AIS 16,,,ANCURI,Fortaleza,,Sim,2026-05-11,,,,16:20:23,78626,4427551.0,,-3.8304417604,-38.4851550174,RUA DIONÍSIO ALENCAR FILHO,NONE,cvp,ROUBO A PESSOA,,,Segunda-feira,False,False,,,,ROUBO A PESSOA,AIS 16,CAPITAL LESTE
2.0,AIS 06,,,AMADEU FURTADO,Fortaleza,,Sim,2026-05-11,,,,15:21:21,78630,4427550.0,,-3.7274277012,-38.5743676235,AVENIDA VIA FÉRREA SOBRAL - LADO ÍMPAR,NONE,cvp,ROUBO A RESIDÊNCIA,,,Segunda-feira,False,False,,,,ROUBO A RESIDÊNCIA,AIS 06,CAPITAL OESTE
2.0,AIS 21,,,AEROLANDIA,Fortaleza,,Sim,2026-05-11,,,,13:17:34,78625,4427549.0,,-3.7412490856,-38.5180065248,RUA JOÃO CORDEIRO,NONE,cvp,ROUBO A PESSOA,,,Segunda-feira,False,False,,,,ROUBO A PESSOA,AIS 21,CAPITAL OESTE
2.0,AIS 21,,,AEROLANDIA,Fortaleza,,Sim,2026-05-11,,,,11:23:18,78629,4427548.0,,-3.7969683877,-38.5027570548,RUA JÚLIO LIMA,NONE,cvp,ROUBO A PESSOA,,,Segunda-feira,False,False,,,,ROUBO A PESSOA,AIS 21,CAPITAL OESTE
2.0,AIS 23,,Outros meios,TRAIRI,Trairi,,Sim,2026-05-11,,,,10:00:00,78521,4427157.0,36.0,-3.3549846003,-39.3955556037,ESTRADA SEM NOME,F,cvli,FEMINICÍDIO,,,Segunda-feira,False,False,,,1.0,FEMINICÍDIO,AIS 23,RMF OESTE
2.0,AIS 06,,,AMADEU FURTADO,Fortaleza,,Sim,2026-05-11,,,,09:52:39,78628,4427546.0,,-3.7314769551,-38.5952886386,RUA XXIX,NONE,cvp,ROUBO A PESSOA,,,Segunda-feira,False,False,,,,ROUBO A PESSOA,AIS 06,CAPITAL OESTE
2.0,AIS 06,,,AMADEU FURTADO,Fortaleza,,Sim,2026-05-11,,,,09:28:40,78636,4427544.0,,-3.7158977219,-38.5978701969,AVENIDA AMBIENTALISTA ARY THIERS,NONE,cvp,ROUBO A PESSOA,,,Segunda-feira,False,False,,,,ROUBO A PESSOA,AIS 06,CAPITAL OESTE
2.0,AIS 06,,,AMADEU FURTADO,Fortaleza,,Sim,2026-05-11,,,,09:17:14,78635,4427543.0,,-3.7182562117,-38.5575766555,AVENIDA TENENTE LISBOA,NONE,cvp,ROUBO A PESSOA,,,Segunda-feira,False,False,,,,ROUBO A PESSOA,AIS 06,CAPITAL OESTE
2.0,AIS 08,,,ALDEOTA,Fortaleza,,Sim,2026-05-11,,,,06:20:14,78517,4426786.0,,-3.7253167387,-38.4995736695,AVENIDA BEIRA MAR,NAN,cvp,ROUBO A PESSOA,,,Segunda-feira,False,False,,,,ROUBO A PESSOA,AIS 08,CAPITAL LESTE
2.0,AIS 08,,,ALDEOTA,Fortaleza,,Sim,2026-05-11,,,,06:20:14,78634,4427540.0,,-3.7253167387,-38.4995736695,AVENIDA BEIRA MAR,NONE,cvp,ROUBO A PESSOA,,,Segunda-feira,False,False,,,,ROUBO A PESSOA,AIS 08,CAPITAL LESTE
2.0,AIS 07,,,,Crateús,,Sim,2026-05-11,,,,05:40:39,78515,4426812.0,,-5.1757406944,-40.667004955,RUA CORONEL LÚCIO,NAN,cvp,ROUBO A PESSOA,,,Segunda-feira,False,False,,,,ROUBO A PESSOA,AIS 07,NORTE
2.0,AIS 07,,,,Crateús,,Sim,2026-05-11,,,,05:40:39,78637,4427586.0,,-5.1757406944,-40.667004955,RUA CORONEL LÚCIO,NONE,cvp,ROUBO A PESSOA,,,Segunda-feira,False,False,,,,ROUBO A PESSOA,AIS 07,NORTE
2.0,AIS 21,,Arma de fogo,AEROLANDIA,Fortaleza,,Sim,2026-05-11,,,,05:28:00,78518,4427115.0,39.0,-3.7693854301,-38.4933013708,RUA JOÃO NONATO COSTA,M,cvli,HOMICIDIO DOLOSO,,,Segunda-feira,False,False,,,1.0,HOMICIDIO DOLOSO,AIS 21,CAPITAL OESTE
2.0,AIS 04,,Arma de fogo,ITAPAJE,Itapajé,,Sim,2026-05-11,,,,03:00:00,78519,4427136.0,47.0,-3.6841653614,-39.5808339708,RUA MARIA APARECIDA LIMA BARBOSA,M,cvli,HOMICIDIO DOLOSO,,,Segunda-feira,False,False,,,1.0,HOMICIDIO DOLOSO,AIS 04,NORDESTE
2.0,AIS 34,,Arma de fogo,VARZEA ALEGRE,Várzea Alegre,,Sim,2026-05-11,,,,03:00:00,78522,4427158.0,,-6.7961776789,-39.2897419036,RUA POETA PERGENTINO BRITO DE LIMA,M,cvli,HOMICIDIO DOLOSO,,,Segunda-feira,False,False,,,1.0,HOMICIDIO DOLOSO,AIS 34,SUL
2.0,AIS 21,,,AEROLANDIA,Fortaleza,,Sim,2026-05-11,,,,01:46:08,78516,4426783.0,,-3.77560447,-38.5633906942,AVENIDA CARLOS AMORA,NAN,cvp,ROUBO A PESSOA,,,Segunda-feira,False,False,,,,ROUBO A PESSOA,AIS 21,CAPITAL OESTE
2.0,AIS 21,,,AEROLANDIA,Fortaleza,,Sim,2026-05-11,,,,01:46:08,78633,4427537.0,,-3.77560447,-38.5633906942,AVENIDA CARLOS AMORA,NONE,cvp,ROUBO A PESSOA,,,Segunda-feira,False,False,,,,ROUBO A PESSOA,AIS 21,CAPITAL OESTE
2.0,AIS 16,,,ANCURI,Fortaleza,,Sim,2026-05-10,,,,20:07:35,78498,4426779.0,,-3.8322388039,-38.4938390804,RUA PADRE PEDRO DE ALENCAR,NAN,cvp,ROUBO A PESSOA,,,Domingo,False,True,,,,ROUBO A PESSOA,AIS 16,CAPITAL LESTE
2.0,AIS 16,,,ANCURI,Eusébio,,Sim,2026-05-10,,,,20:06:55,78511,4426643.0,,-3.8581278987,-38.4726677103,CE-040,NAN,cvp,ROUBO A PESSOA,,,Domingo,False,True,,,,ROUBO A PESSOA,AIS 16,CAPITAL LESTE
2.0,AIS 13,,Arma de fogo,,Barbalha,,Sim,2026-05-10,,,,19:00:00,78410,4426405.0,30.0,-7.318982856,-39.3030451036,RUA FRANCISCO FERREIRA DE ARAÚJO,F,cvli,HOMICIDIO DOLOSO,,,Domingo,False,True,,,1.0,HOMICIDIO DOLOSO,AIS 13,SUL
2.0,AIS 16,,,COACU,Eusébio,,Sim,2026-05-10,,,,17:55:53,78510,4426642.0,,-3.8637165956,-38.4430484957,ESTRADA DO FIO,NAN,cvp,ROUBO A POSTO DE GASOLINA,,,Domingo,False,True,,,,ROUBO A POSTO DE GASOLINA,AIS 16,CAPITAL LESTE
2.0,AIS 21,,,AEROLANDIA,Fortaleza,,Sim,2026-05-10,,,,17:17:38,78499,4426777.0,,-3.7824125038,-38.4831115595,RUA ARMANDO DALL'OLIO,NAN,cvp,ROUBO A RESIDÊNCIA,,,Domingo,False,True,,,,ROUBO A RESIDÊNCIA,AIS 21,CAPITAL OESTE
2.0,AIS 21,,,AEROLANDIA,Fortaleza,,Sim,2026-05-10,,,,17:04:43,78500,4426776.0,,-3.7879718946,-38.5017550602,AVENIDA JOSÉ LEON,NAN,cvp,ROUBO A PESSOA,,,Domingo,False,True,,,,ROUBO A PESSOA,AIS 21,CAPITAL OESTE
2.0,AIS 21,,,AEROLANDIA,Fortaleza,,Sim,2026-05-10,,,,15:41:18,78501,4426774.0,,-3.7432951906,-38.5235103896,RUA LAURO MAIA,NAN,cvp,ROUBO A PESSOA,,,Domingo,False,True,,,,ROUBO A PESSOA,AIS 21,CAPITAL OESTE
2.0,AIS 21,,,AEROLANDIA,Fortaleza,,Sim,2026-05-10,,,,13:54:49,78502,4426773.0,,-3.7467711656,-38.5102620685,AVENIDA BARÃO DE STUDART,NAN,cvp,ROUBO A FARMÁCIA,,,Domingo,False,True,,,,ROUBO A FARMÁCIA,AIS 21,CAPITAL OESTE
2.0,AIS 06,,,AMADEU FURTADO,Fortaleza,,Sim,2026-05-10,,,,13:48:56,78503,4426772.0,,-3.7393970617,-38.5892512817,AVENIDA MISTER HULL,NAN,cvp,ROUBO A FARMÁCIA,,,Domingo,False,True,,,,ROUBO A FARMÁCIA,AIS 06,CAPITAL OESTE
2.0,AIS 03,,,,Sobral,,Sim,2026-05-10,,,,11:52:02,78514,4426828.0,,-3.6610625209,-40.3802425229,RUA JOSE PAULA FERREIRA,NAN,cvp,ROUBO A PESSOA,,,Domingo,False,True,,,,ROUBO A PESSOA,AIS 03,NORTE
2.0,AIS 16,,,ANCURI,Fortaleza,,Sim,2026-05-10,,,,10:41:18,78504,4426771.0,,-3.85058818,-38.4953255244,RUA PADRE PEDRO DE ALENCAR,NAN,cvp,ROUBO A POSTO DE GASOLINA,,,Domingo,False,True,,,,ROUBO A POSTO DE GASOLINA,AIS 16,CAPITAL LESTE
2.0,AIS 09,,Arma de fogo,,Tabuleiro do Norte,,Sim,2026-05-10,,,,10:35:00,78409,4426427.0,33.0,-5.2899859731,-38.1077771331,SITIO GANGORRINHA,M,cvli,HOMICIDIO DOLOSO,,,Domingo,False,True,,,1.0,HOMICIDIO DOLOSO,AIS 09,SUDESTE
2.0,AIS 21,,,AEROLANDIA,Fortaleza,,Sim,2026-05-10,,,,09:29:51,78505,4426770.0,,-3.774737577,-38.5629479472,RUA DOM PEDRO II,NAN,cvp,ROUBO A PESSOA,,,Domingo,False,True,,,,ROUBO A PESSOA,AIS 21,CAPITAL OESTE
2.0,AIS 21,,,AEROLANDIA,Fortaleza,,Sim,2026-05-10,,,,08:37:56,78506,4426768.0,,-3.7452279671,-38.4954329161,RUA POETA NAPOLEÃO MENEZES,NAN,cvp,ROUBO A ESTABELECIMENTO COMERCIAL,,,Domingo,False,True,,,,ROUBO A ESTABELECIMENTO COMERCIAL,AIS 21,CAPITAL OESTE
2.0,AIS 17,,,BOM JARDIM,Fortaleza,,Sim,2026-05-10,,,,08:20:00,78508,4426767.0,,-3.8093076976,-38.6027131909,RUA ITATIAIA,NAN,cvp,ROUBO A SUPERMERCADO/MERCANTIL,,,Domingo,False,True,,,,ROUBO A SUPERMERCADO/MERCANTIL,AIS 17,CAPITAL OESTE
2.0,AIS 17,,,BOM JARDIM,Fortaleza,,Sim,2026-05-10,,,,08:03:00,78497,4426766.0,,-3.8169962829,-38.6139510682,AVENIDA GENERAL OSÓRIO DE PAIVA,NAN,cvp,ROUBO A POSTO DE GASOLINA,,,Domingo,False,True,,,,ROUBO A POSTO DE GASOLINA,AIS 17,CAPITAL OESTE
2.0,AIS 21,,,AEROLANDIA,Fortaleza,,Sim,2026-05-10,,,,06:35:05,78496,4426765.0,,-3.8176920838,-38.4970016945,AVENIDA FREI CIRILO,NAN,cvp,ROUBO A PESSOA,,,Domingo,False,True,,,,ROUBO A PESSOA,AIS 21,CAPITAL OESTE
2.0,AIS 10,,,IGUATU,Iguatu,,Sim,2026-05-10,,,,05:25:16,78512,4426816.0,,-6.3512740857,-39.314018714,RUA ANTÔNIO EPIFÂNIO DE SOUSA,NAN,cvp,ROUBO A ESTABELECIMENTO COMERCIAL,,,Domingo,False,True,,,,ROUBO A ESTABELECIMENTO COMERCIAL,AIS 10,SUL
2.0,AIS 21,,Arma de fogo,AEROLANDIA,Fortaleza,,Sim,2026-05-10,,,,03:00:00,78413,4426393.0,28.0,-3.8152650839,-38.5038902448,RUA LUCIA HELENA DO NASCIMENTO,M,cvli,HOMICIDIO DOLOSO,,,Domingo,False,True,,,1.0,HOMICIDIO DOLOSO,AIS 21,CAPITAL OESTE
2.0,AIS 06,,,AMADEU FURTADO,Fortaleza,,Sim,2026-05-10,,,,02:24:05,78507,4426764.0,,-3.7825998194,-38.5851135123,RUA EMÍLIO DE MENEZES,NAN,cvp,ROUBO A PESSOA,,,Domingo,False,True,,,,ROUBO A PESSOA,AIS 06,CAPITAL OESTE
2.0,AIS 26,,,GUADALAJARA,Caucaia,,Sim,2026-05-10,,,,02:01:38,78513,4426637.0,,-3.7413388712,-38.6601033477,RUA: BARÃO DE IBIAPABA,NAN,cvp,ROUBO A RESIDÊNCIA,,,Domingo,False,True,,,,ROUBO A RESIDÊNCIA,AIS 26,RMF OESTE
2.0,AIS 21,,,AEROLANDIA,Fortaleza,,Sim,2026-05-10,,,,01:17:48,78509,4426763.0,,-3.7311305951,-38.5076811602,AVENIDA RUI BARBOSA,NAN,cvp,ROUBO A PESSOA,,,Domingo,False,True,,,,ROUBO A PESSOA,AIS 21,CAPITAL OESTE
2.0,AIS 30,,Arma branca,,Aiuaba,,Sim,2026-05-10,,,,01:00:00,78412,4426399.0,20.0,-6.5722744114,-40.1232281555,RUA RAIMUNDO DIAS OLIVEIRA,M,cvli,HOMICIDIO DOLOSO,,,Domingo,False,True,,,1.0,HOMICIDIO DOLOSO,AIS 30,SUDESTE
2.0,AIS 09,,Arma de fogo,ALTO SANTO,Alto Santo,,Sim,2026-05-10,,,,01:00:00,78411,4426400.0,19.0,-5.4969290427,-38.263053592,CONJUNTO FRANCISCO WILKER CAMPELO BEZERRA,M,cvli,HOMICIDIO DOLOSO,,,Domingo,False,True,,,1.0,HOMICIDIO DOLOSO,AIS 09,SUDESTE
2.0,AIS 06,,,AMADEU FURTADO,Fortaleza,,Sim,2026-05-09,,,,23:11:35,78490,4426762.0,,-3.7750210609,-38.5845663107,RUA MENINO JESUS DE PRAGA,NAN,cvp,ROUBO A PESSOA,,,Sábado,False,True,,,,ROUBO A PESSOA,AIS 06,CAPITAL OESTE
2.0,AIS 21,,,AEROLANDIA,Fortaleza,,Sim,2026-05-09,,,,22:43:30,78495,4426760.0,,-3.7364283976,-38.5069238244,AVENIDA BARÃO DE STUDART,NAN,cvp,ROUBO A PESSOA,,,Sábado,False,True,,,,ROUBO A PESSOA,AIS 21,CAPITAL OESTE
2.0,AIS 23,,Arma de fogo,,Trairi,,Sim,2026-05-09,,,,19:50:00,78408,4426428.0,42.0,-3.4058876092,-39.2764823331,ESTRADA BOM FIM 1,M,cvli,HOMICIDIO DOLOSO,,,Sábado,False,True,,,1.0,HOMICIDIO DOLOSO,AIS 23,RMF OESTE
2.0,AIS 21,,,AEROLANDIA,Fortaleza,,Sim,2026-05-09,,,,19:09:06,78494,4426759.0,,-3.7580122875,-38.5533129693,POLÍGONO 2227,NAN,cvp,ROUBO A PESSOA,,,Sábado,False,True,,,,ROUBO A PESSOA,AIS 21,CAPITAL OESTE
2.0,AIS 17,,,BOM JARDIM,Fortaleza,,Sim,2026-05-09,,,,18:21:44,78493,4426758.0,,-3.8085353587,-38.5863793956,RUA CENTO E QUATRO,NAN,cvp,ROUBO A PESSOA,,,Sábado,False,True,,,,ROUBO A PESSOA,AIS 17,CAPITAL OESTE
2.0,AIS 06,,,AMADEU FURTADO,Fortaleza,,Sim,2026-05-09,,,,18:20:10,78492,4426757.0,,-3.7357438875,-38.5664936219,RODOVIA PRESIDENTE JUSCELINO KUBITSCHEK,NAN,cvp,ROUBO A PESSOA,,,Sábado,False,True,,,,ROUBO A PESSOA,AIS 06,CAPITAL OESTE
2.0,AIS 21,,,AEROLANDIA,Fortaleza,,Sim,2026-05-09,,,,11:32:11,78487,4426755.0,,-3.7477689481,-38.5020097332,AVENIDA DESEMBARGADOR MOREIRA,NAN,cvp,ROUBO A PESSOA,,,Sábado,False,True,,,,ROUBO A PESSOA,AIS 21,CAPITAL OESTE
2.0,AIS 05,,,AEROPORTO,Fortaleza,,Sim,2026-05-09,,,,11:27:49,78486,4426754.0,,-3.7964936426,-38.5696689355,AVENIDA GODOFREDO MACIEL,NAN,cvp,ROUBO A RESIDÊNCIA,,,Sábado,False,True,,,,ROUBO A RESIDÊNCIA,AIS 05,CAPITAL OESTE
2.0,AIS 03,,,,Sobral,,Sim,2026-05-09,,,,10:54:22,78484,4426827.0,,-3.6911269275,-40.3657705143,RUA ARTHUR DA SILVEIRA BORGES,NAN,cvp,ROUBO A PESSOA,,,Sábado,False,True,,,,ROUBO A PESSOA,AIS 03,NORTE
2.0,AIS 24,,,EUSEBIO,Eusébio,,Sim,2026-05-09,,,,10:05:11,78483,4426640.0,,-3.9199150955,-38.4492212724,RUA JASMIN,NAN,cvp,ROUBO A PESSOA,,,Sábado,False,True,,,,ROUBO A PESSOA,AIS 24,RMF LESTE
2.0,AIS 04,,Arma de fogo,,Itapipoca,,Sim,2026-05-09,,,,08:30:00,78406,4426413.0,26.0,-3.1795975978,-39.4171900037,ESTRADA JOSÉ VILA DOS PRACIANOS,M,cvli,HOMICIDIO DOLOSO,,,Sábado,False,True,,,1.0,HOMICIDIO DOLOSO,AIS 04,NORDESTE
2.0,AIS 21,,,AEROLANDIA,Fortaleza,,Sim,2026-05-09,,,,04:41:36,78491,4426752.0,,-3.787850434,-38.4828908424,RUA JOÃO REGINO,NAN,cvp,ROUBO A PESSOA,,,Sábado,False,True,,,,ROUBO A PESSOA,AIS 21,CAPITAL OESTE
2.0,AIS 19,,,CIDADE 2000,Fortaleza,,Sim,2026-05-09,,,,04:12:55,78488,4426751.0,,-3.7635068607,-38.4416263467,RUA SERRA DA CALIXTA,NAN,cvp,ROUBO A PESSOA C/ CONSTRANGIMENTO DA LIBERDADE,,,Sábado,False,True,,,,ROUBO A PESSOA C/ CONSTRANGIMENTO DA LIBERDADE,AIS 19,CAPITAL LESTE
2.0,AIS 02,,Arma de fogo,,Juazeiro do Norte,,Sim,2026-05-09,,,,03:20:00,78405,4426415.0,44.0,-7.2316609232,-39.3210985331,RUA JAIME DORCY,F,cvli,HOMICIDIO DOLOSO,,,Sábado,False,True,,,1.0,HOMICIDIO DOLOSO,AIS 02,SUL
2.0,AIS 03,,Arma de fogo,,Sobral,,Sim,2026-05-09,,,,02:45:00,78407,4426423.0,37.0,-3.7863741762,-40.4988909154,RUA BELA VISTA,M,cvli,HOMICIDIO DOLOSO,,,Sábado,False,True,,,1.0,HOMICIDIO DOLOSO,AIS 03,NORTE
2.0,AIS 05,,,AEROPORTO,Fortaleza,,Sim,2026-05-09,,,,01:45:27,78489,4426750.0,,-3.7816400734,-38.5650774663,AVENIDA GODOFREDO MACIEL,NAN,cvp,ROUBO A PESSOA,,,Sábado,False,True,,,,ROUBO A PESSOA,AIS 05,CAPITAL OESTE
2.0,AIS 08,,,ALDEOTA,Fortaleza,,Sim,2026-05-09,,,,00:38:38,78485,4426749.0,,-3.7302899799,-38.4880867866,AVENIDA ANTÔNIO JUSTA,NAN,cvp,ROUBO A PESSOA,,,Sábado,False,True,,,,ROUBO A PESSOA,AIS 08,CAPITAL LESTE
2.0,AIS 05,,,AEROPORTO,Fortaleza,,Sim,2026-05-08,,,,15:48:30,78482,4426742.0,,-3.7783433412,-38.5715285305,AVENIDA GENERAL OSÓRIO DE PAIVA,NAN,cvp,ROUBO A PESSOA,,,Sexta-feira,False,True,,,,ROUBO A PESSOA,AIS 05,CAPITAL OESTE
2.0,AIS 04,,Arma de fogo,,Itapipoca,,Sim,2026-05-08,,,,08:26:00,78404,4426414.0,15.0,-3.5552039531,-39.7510690003,ESTRADA ITAPIPOCA BROTAS,M,cvli,HOMICIDIO DOLOSO,,,Sexta-feira,False,True,,,1.0,HOMICIDIO DOLOSO,AIS 04,NORDESTE
2.0,AIS 17,,,BOM JARDIM,Fortaleza,,Sim,2026-05-08,,,,03:13:47,78401,4426320.0,,-3.804801645,-38.572028949,RUA DOUTOR RODRIGO CODES SANDOVAL,NONE,cvp,ROUBO A PESSOA,,,Sexta-feira,False,True,,,,ROUBO A PESSOA,AIS 17,CAPITAL OESTE
2.0,AIS 17,,,BOM JARDIM,Fortaleza,,Sim,2026-05-08,,,,03:13:47,78481,4426738.0,,-3.804801645,-38.572028949,RUA DOUTOR RODRIGO CODES SANDOVAL,NAN,cvp,ROUBO A PESSOA,,,Sexta-feira,False,True,,,,ROUBO A PESSOA,AIS 17,CAPITAL OESTE
2.0,AIS 07,,Arma de fogo,,Monsenhor Tabosa,,Sim,2026-05-07,,,,20:52:00,78330,4426075.0,53.0,-4.9915781884,-39.9756294882,ESTRADA SEM NOME,M,cvli,HOMICIDIO DOLOSO,,,Quinta-feira,False,True,,,1.0,HOMICIDIO DOLOSO,AIS 07,NORTE
2.0,AIS 21,,,AEROLANDIA,Fortaleza,,Sim,2026-05-07,,,,20:38:26,78392,4426317.0,,-3.76387565,-38.5176987354,RUA CAPITÃO NOGUEIRA,NONE,cvp,ROUBO A COLETIVO,,,Quinta-feira,False,True,,,,ROUBO A COLETIVO,AIS 21,CAPITAL OESTE
2.0,AIS 16,,Arma de fogo,CONJUNTO PALMEIRAS,Maracanaú,,Sim,2026-05-07,,,,20:30:00,78332,4426063.0,32.0,-3.8647280784,-38.5732664327,RUA SENADOR POMPEU,M,cvli,HOMICIDIO DOLOSO,,,Quinta-feira,False,True,,,1.0,HOMICIDIO DOLOSO,AIS 16,CAPITAL LESTE
2.0,AIS 21,,,AEROLANDIA,Fortaleza,,Sim,2026-05-07,,,,20:17:44,78391,4426316.0,,-3.7686241169,-38.5591919681,RUA DOM CARLOTO TÁVORA,NONE,cvp,ROUBO A PESSOA,,,Quinta-feira,False,True,,,,ROUBO A PESSOA,AIS 21,CAPITAL OESTE
2.0,AIS 21,,,AEROLANDIA,Fortaleza,,Sim,2026-05-07,,,,20:00:10,78390,4426315.0,,-3.7392513632,-38.4878361067,RUA DELMIRO GOUVEIA,NONE,cvp,ROUBO A ESTABELECIMENTO COMERCIAL,,,Quinta-feira,False,True,,,,ROUBO A ESTABELECIMENTO COMERCIAL,AIS 21,CAPITAL OESTE
2.0,AIS 21,,,AEROLANDIA,Fortaleza,,Sim,2026-05-07,,,,18:05:19,78389,4426312.0,,-3.796357063,-38.49939464,AVENIDA OLIVEIRA PAIVA,NONE,cvp,ROUBO A FARMÁCIA,,,Quinta-feira,False,True,,,,ROUBO A FARMÁCIA,AIS 21,CAPITAL OESTE
2.0,AIS 04,,Arma de fogo,,Amontada,,Sim,2026-05-07,,,,16:50:00,78331,4426064.0,24.0,-3.0918545704,-39.5775494615,ESTR. SABIAGUABA,M,cvli,HOMICIDIO DOLOSO,,,Quinta-feira,False,True,,,1.0,HOMICIDIO DOLOSO,AIS 04,NORDESTE
2.0,AIS 11,,Arma de fogo,,Frecheirinha,,Sim,2026-05-07,,,,11:00:00,78333,4426069.0,17.0,-3.7707178794,-40.812739275,AVENIDA ANTÔNIO DAVI,M,cvli,HOMICIDIO DOLOSO,,,Quinta-feira,False,True,,,1.0,HOMICIDIO DOLOSO,AIS 11,NORDESTE
2.0,AIS 06,,,AMADEU FURTADO,Fortaleza,,Sim,2026-05-07,,,,08:40:38,78395,4426308.0,,-3.757811193,-38.5897183737,AVENIDA SENADOR FERNANDES TÁVORA,NONE,cvp,ROUBO A ESTABELECIMENTO COMERCIAL,,,Quinta-feira,False,True,,,,ROUBO A ESTABELECIMENTO COMERCIAL,AIS 06,CAPITAL OESTE
2.0,AIS 05,,,AEROPORTO,Fortaleza,,Sim,2026-05-07,,,,08:22:58,78397,4426307.0,,-3.759434476,-38.5648446255,RUA CEARÁ,NONE,cvp,ROUBO A ESTABELECIMENTO COMERCIAL,,,Quinta-feira,False,True,,,,ROUBO A ESTABELECIMENTO COMERCIAL,AIS 05,CAPITAL OESTE
2.0,AIS 07,,,,Crateús,,Sim,2026-05-07,,,,07:48:52,78393,4426342.0,,-5.425143522,-40.8573106091,ESTRADA MONTENEBO A ROSÁRIO,NONE,cvp,ROUBO A RESIDÊNCIA,,,Quinta-feira,False,True,,,,ROUBO A RESIDÊNCIA,AIS 07,NORTE
2.0,AIS 06,,,AMADEU FURTADO,Fortaleza,,Sim,2026-05-07,,,,07:40:53,78398,4426306.0,,-3.7304172383,-38.5829657679,RUA ALCÂNTARA BILHAR,NONE,cvp,ROUBO A PESSOA,,,Quinta-feira,False,True,,,,ROUBO A PESSOA,AIS 06,CAPITAL OESTE
2.0,AIS 21,,,AEROLANDIA,Fortaleza,,Sim,2026-05-07,,,,06:18:06,78399,4426304.0,,-3.7312674171,-38.5148865611,RUA JOÃO CORDEIRO,NONE,cvp,ROUBO A RESIDÊNCIA,,,Quinta-feira,False,True,,,,ROUBO A RESIDÊNCIA,AIS 21,CAPITAL OESTE
2.0,AIS 17,,,BOM JARDIM,Fortaleza,,Sim,2026-05-07,,,,05:08:02,78400,4426303.0,,-3.8074067895,-38.5937806509,RUA CÔNEGO DE CASTRO,NONE,cvp,ROUBO A PESSOA,,,Quinta-feira,False,True,,,,ROUBO A PESSOA,AIS 17,CAPITAL OESTE
2.0,AIS 13,,Arma branca,,Crato,,Sim,2026-05-07,,,,05:00:00,78329,4426068.0,31.0,-7.2316134753,-39.4247329327,RUA TREZE DE DEZEMBRO,M,cvli,HOMICIDIO DOLOSO,,,Quinta-feira,False,True,,,1.0,HOMICIDIO DOLOSO,AIS 13,SUL
2.0,AIS 17,,,BOM JARDIM,Fortaleza,,Sim,2026-05-07,,,,04:55:16,78394,4426301.0,,-3.8172264498,-38.5978637645,RUA LUÍS GUEDES,NONE,cvp,ROUBO A PESSOA,,,Quinta-feira,False,True,,,,ROUBO A PESSOA,AIS 17,CAPITAL OESTE
2.0,AIS 17,,,BOM JARDIM,Fortaleza,,Sim,2026-05-07,,,,04:46:33,78396,4426300.0,,-3.8208730785,-38.5976692401,RUA ANTÔNIO MONTEIRO,NONE,cvp,ROUBO A PESSOA,,,Quinta-feira,False,True,,,,ROUBO A PESSOA,AIS 17,CAPITAL OESTE
2.0,AIS 27,,,,Bela Cruz,,Sim,2026-05-07,,,,02:33:47,78387,4426341.0,,-3.0538013349,-40.1655407262,RUA VICENTE,NONE,cvp,ROUBO A POSTO DE GASOLINA,,,Quinta-feira,False,True,,,,ROUBO A POSTO DE GASOLINA,AIS 27,NORTE
2.0,AIS 17,,,CANINDEZINHO,Maracanaú,,Sim,2026-05-07,,,,01:46:25,78388,4426338.0,,-3.854349357,-38.5827218189,RUA SÃO JOSÉ,NONE,cvp,ROUBO A ESTABELECIMENTO COMERCIAL,,,Quinta-feira,False,True,,,,ROUBO A ESTABELECIMENTO COMERCIAL,AIS 17,CAPITAL OESTE
