snapshot_generated_at,data_limit,source,scope,rank,name,name_normalized,region,territorial_level,risk_score,risk_level,confidence_pct,confidence_label,expressiveness_pct,expressiveness_label,recent_cvli_14d,recent_cvli_30d,historical_cvli,neural_score,tension_score,inclusion_score,calm_penalty,territorial_support_pct,historical_support_pct,live_support_pct,score_z,peer_percentile,dynamic_window_days,base_window_days,historical_fallback,trend,top_driver_1,top_driver_1_strength_pct,top_driver_2,top_driver_2_strength_pct,top_driver_3,top_driver_3_strength_pct,explainability_summary
2026-05-20T15:36:14,2026-05-15,src/core/orchestrator.py:get_combined_risk,cities_general_top30,1,CAUCAIA,CAUCAIA,rmf,cidade,80.67,crítico,58.9,baixa,97.5,muito alta,0,1,652.0,100.0,100.0,0.0,93.3,100.0,100.0,50.0,3.64,100.0,30,30,True,stable,Sinal neural do ST-GAT,100.0,Tensão territorial,100.0,Fallback histórico ativado,55.0,Sinal neural do ST-GAT: 100.0% | Tensão territorial: 100.0% | Fallback histórico ativado: 55.0%
2026-05-20T15:36:14,2026-05-15,src/core/orchestrator.py:get_combined_risk,cities_general_top30,2,JUAZEIRO DO NORTE,JUAZEIRO DO NORTE,interior,cidade,78.0,crítico,90.0,alta,95.9,muito alta,2,2,134.0,100.0,100.0,100.0,70.0,100.0,100.0,100.0,3.49,98.5,120,120,False,stable,Atividade recente e vizinhança,100.0,Sinal neural do ST-GAT,100.0,Tensão territorial,100.0,Atividade recente e vizinhança: 100.0% | Sinal neural do ST-GAT: 100.0% | Tensão territorial: 100.0%
2026-05-20T15:36:14,2026-05-15,src/core/orchestrator.py:get_combined_risk,cities_general_top30,3,CARIRE,CARIRE,interior,cidade,66.66,alto,78.4,moderada,92.1,muito alta,1,1,24.0,93.3,100.0,50.0,53.3,100.0,10.0,100.0,2.88,97.1,120,120,False,stable,Tensão territorial,100.0,Sinal neural do ST-GAT,93.3,Atividade recente e vizinhança,50.0,Tensão territorial: 100.0% | Sinal neural do ST-GAT: 93.3% | Atividade recente e vizinhança: 50.0%
2026-05-20T15:36:14,2026-05-15,src/core/orchestrator.py:get_combined_risk,cities_general_top30,4,VARZEA ALEGRE,VARZEA ALEGRE,interior,cidade,58.24,alto,78.7,moderada,89.0,muito alta,1,1,17.0,65.7,100.0,50.0,13.3,100.0,0.0,100.0,2.43,95.6,120,120,False,stable,Tensão territorial,100.0,Sinal neural do ST-GAT,65.7,Atividade recente e vizinhança,50.0,Tensão territorial: 100.0% | Sinal neural do ST-GAT: 65.7% | Atividade recente e vizinhança: 50.0%
2026-05-20T15:36:14,2026-05-15,src/core/orchestrator.py:get_combined_risk,cities_general_top30,5,TIANGUA,TIANGUA,interior,cidade,58.2,alto,78.7,moderada,88.1,muito alta,1,1,78.0,64.2,100.0,50.0,6.7,100.0,100.0,100.0,2.43,94.1,120,120,False,stable,Tensão territorial,100.0,Sinal neural do ST-GAT,64.2,Atividade recente e vizinhança,50.0,Tensão territorial: 100.0% | Sinal neural do ST-GAT: 64.2% | Atividade recente e vizinhança: 50.0%
2026-05-20T15:36:14,2026-05-15,src/core/orchestrator.py:get_combined_risk,cities_general_top30,6,ITAPAJE,ITAPAJE,interior,cidade,54.35,alto,80.7,moderada,86.2,muito alta,2,2,45.0,34.1,100.0,100.0,10.0,100.0,62.5,100.0,2.22,92.6,120,120,False,stable,Atividade recente e vizinhança,100.0,Tensão territorial,100.0,CVLI recente na janela de 30 dias,40.0,Atividade recente e vizinhança: 100.0% | Tensão territorial: 100.0% | CVLI recente na janela de 30 dias: 40.0%
2026-05-20T15:36:14,2026-05-15,src/core/orchestrator.py:get_combined_risk,cities_general_top30,7,ALTO SANTO,ALTO SANTO,interior,cidade,43.48,moderado,76.5,moderada,82.5,alta,1,1,22.0,33.7,100.0,50.0,16.7,100.0,5.0,100.0,1.63,91.2,120,120,False,stable,Tensão territorial,100.0,Atividade recente e vizinhança,50.0,Sinal neural do ST-GAT,33.7,Tensão territorial: 100.0% | Atividade recente e vizinhança: 50.0% | Sinal neural do ST-GAT: 33.7%
2026-05-20T15:36:14,2026-05-15,src/core/orchestrator.py:get_combined_risk,cities_general_top30,8,MARACANAU,MARACANAU,rmf,cidade,36.19,moderado,54.6,muito baixa,79.8,alta,0,0,654.0,12.4,100.0,0.0,100.0,100.0,100.0,0.0,1.24,89.7,30,30,True,stable,Tensão territorial,100.0,Fallback histórico ativado,55.0,Sinal neural do ST-GAT,12.4,Tensão territorial: 100.0% | Fallback histórico ativado: 55.0% | Sinal neural do ST-GAT: 12.4%
2026-05-20T15:36:14,2026-05-15,src/core/orchestrator.py:get_combined_risk,cities_general_top30,9,BATURITE,BATURITE,interior,cidade,25.22,baixo,67.5,baixa,76.0,alta,0,0,64.0,33.8,100.0,0.0,100.0,100.0,100.0,0.0,0.64,88.2,120,120,False,stable,Tensão territorial,100.0,Sinal neural do ST-GAT,33.8,Atividade recente e vizinhança,0.0,Tensão territorial: 100.0% | Sinal neural do ST-GAT: 33.8% | Atividade recente e vizinhança: 0.0%
2026-05-20T15:36:14,2026-05-15,src/core/orchestrator.py:get_combined_risk,cities_general_top30,10,TRAIRI,TRAIRI,rmf,cidade,23.59,baixo,70.4,moderada,74.7,alta,3,3,16.0,29.2,0.0,100.0,10.0,100.0,0.0,100.0,0.56,86.8,30,30,True,stable,Atividade recente e vizinhança,100.0,CVLI recente na janela de 30 dias,60.0,Fallback histórico ativado,55.0,Atividade recente e vizinhança: 100.0% | CVLI recente na janela de 30 dias: 60.0% | Fallback histórico ativado: 55.0%
2026-05-20T15:36:14,2026-05-15,src/core/orchestrator.py:get_combined_risk,cities_general_top30,11,IGUATU,IGUATU,interior,cidade,23.33,baixo,67.4,baixa,73.8,alta,0,0,81.0,29.6,100.0,0.0,100.0,100.0,100.0,0.0,0.54,85.3,120,120,False,stable,Tensão territorial,100.0,Sinal neural do ST-GAT,29.6,Atividade recente e vizinhança,0.0,Tensão territorial: 100.0% | Sinal neural do ST-GAT: 29.6% | Atividade recente e vizinhança: 0.0%
2026-05-20T15:36:14,2026-05-15,src/core/orchestrator.py:get_combined_risk,cities_general_top30,12,ITAITINGA,ITAITINGA,rmf,cidade,23.07,baixo,53.6,muito baixa,72.8,alta,1,1,26.0,2.8,0.0,50.0,33.3,100.0,15.0,100.0,0.53,83.8,30,30,True,stable,Fallback histórico ativado,55.0,Atividade recente e vizinhança,50.0,CVLI recente na janela de 30 dias,20.0,Fallback histórico ativado: 55.0% | Atividade recente e vizinhança: 50.0% | CVLI recente na janela de 30 dias: 20.0%
2026-05-20T15:36:14,2026-05-15,src/core/orchestrator.py:get_combined_risk,cities_general_top30,13,LIMOEIRO DO NORTE,LIMOEIRO DO NORTE,interior,cidade,21.21,baixo,48.1,muito baixa,71.5,alta,0,0,40.0,47.1,50.0,0.0,100.0,50.0,50.0,0.0,0.43,82.4,120,120,False,stable,Tensão territorial,50.0,Sinal neural do ST-GAT,47.1,Atividade recente e vizinhança,0.0,Tensão territorial: 50.0% | Sinal neural do ST-GAT: 47.1% | Atividade recente e vizinhança: 0.0%
2026-05-20T15:36:14,2026-05-15,src/core/orchestrator.py:get_combined_risk,cities_general_top30,14,GROAIRAS,GROAIRAS,interior,cidade,17.45,baixo,55.5,baixa,69.6,moderada,0,0,47.0,31.0,67.5,0.0,100.0,67.5,67.5,0.0,0.22,80.9,120,120,False,stable,Tensão territorial,67.5,Sinal neural do ST-GAT,31.0,Atividade recente e vizinhança,0.0,Tensão territorial: 67.5% | Sinal neural do ST-GAT: 31.0% | Atividade recente e vizinhança: 0.0%
2026-05-20T15:36:14,2026-05-15,src/core/orchestrator.py:get_combined_risk,cities_general_top30,15,ARATUBA,ARATUBA,interior,cidade,15.95,baixo,43.0,muito baixa,68.3,moderada,0,0,32.0,44.3,30.0,0.0,100.0,30.0,30.0,0.0,0.14,79.4,120,120,False,stable,Sinal neural do ST-GAT,44.3,Tensão territorial,30.0,Atividade recente e vizinhança,0.0,Sinal neural do ST-GAT: 44.3% | Tensão territorial: 30.0% | Atividade recente e vizinhança: 0.0%
2026-05-20T15:36:14,2026-05-15,src/core/orchestrator.py:get_combined_risk,cities_general_top30,16,SOBRAL,SOBRAL,interior,cidade,15.35,baixo,66.6,baixa,67.3,moderada,0,0,67.0,11.9,100.0,0.0,100.0,100.0,100.0,0.0,0.11,77.9,120,120,False,stable,Tensão territorial,100.0,Sinal neural do ST-GAT,11.9,Atividade recente e vizinhança,0.0,Tensão territorial: 100.0% | Sinal neural do ST-GAT: 11.9% | Atividade recente e vizinhança: 0.0%
2026-05-20T15:36:14,2026-05-15,src/core/orchestrator.py:get_combined_risk,cities_general_top30,17,CRATO,CRATO,interior,cidade,14.59,baixo,35.9,muito baixa,66.2,moderada,0,0,6.0,54.6,0.0,0.0,100.0,0.0,0.0,0.0,0.07,76.5,120,120,False,stable,Sinal neural do ST-GAT,54.6,Tensão territorial,0.0,Atividade recente e vizinhança,0.0,Sinal neural do ST-GAT: 54.6% | Tensão territorial: 0.0% | Atividade recente e vizinhança: 0.0%
2026-05-20T15:36:14,2026-05-15,src/core/orchestrator.py:get_combined_risk,cities_general_top30,18,PARAIPABA,PARAIPABA,rmf,cidade,14.3,baixo,25.8,muito baixa,65.3,moderada,0,0,31.0,8.6,0.0,0.0,100.0,27.5,27.5,0.0,0.05,75.0,30,30,True,stable,Fallback histórico ativado,55.0,Sinal neural do ST-GAT,8.6,Tensão territorial,0.0,Fallback histórico ativado: 55.0% | Sinal neural do ST-GAT: 8.6% | Tensão territorial: 0.0%
2026-05-20T15:36:14,2026-05-15,src/core/orchestrator.py:get_combined_risk,cities_general_top30,19,OROS,OROS,interior,cidade,13.43,baixo,35.7,muito baixa,64.1,moderada,0,0,13.0,52.1,0.0,0.0,100.0,0.0,0.0,0.0,0.01,73.5,120,120,False,stable,Sinal neural do ST-GAT,52.1,Tensão territorial,0.0,Atividade recente e vizinhança,0.0,Sinal neural do ST-GAT: 52.1% | Tensão territorial: 0.0% | Atividade recente e vizinhança: 0.0%
2026-05-20T15:36:14,2026-05-15,src/core/orchestrator.py:get_combined_risk,cities_general_top30,20,IRACEMA,IRACEMA,interior,cidade,11.87,baixo,35.3,muito baixa,62.9,moderada,0,0,15.0,48.6,0.0,0.0,100.0,0.0,0.0,0.0,-0.08,72.1,120,120,False,stable,Sinal neural do ST-GAT,48.6,Tensão territorial,0.0,Atividade recente e vizinhança,0.0,Sinal neural do ST-GAT: 48.6% | Tensão territorial: 0.0% | Atividade recente e vizinhança: 0.0%
2026-05-20T15:36:14,2026-05-15,src/core/orchestrator.py:get_combined_risk,cities_general_top30,21,CAPISTRANO,CAPISTRANO,interior,cidade,11.21,baixo,35.8,muito baixa,61.8,moderada,0,0,21.0,46.0,2.5,0.0,100.0,2.5,2.5,0.0,-0.11,70.6,120,120,False,stable,Sinal neural do ST-GAT,46.0,Tensão territorial,2.5,Atividade recente e vizinhança,0.0,Sinal neural do ST-GAT: 46.0% | Tensão territorial: 2.5% | Atividade recente e vizinhança: 0.0%
2026-05-20T15:36:14,2026-05-15,src/core/orchestrator.py:get_combined_risk,cities_general_top30,22,HORIZONTE,HORIZONTE,rmf,cidade,11.0,baixo,48.0,muito baixa,60.9,moderada,0,1,128.0,0.0,0.0,0.0,90.0,100.0,100.0,50.0,-0.13,69.1,30,30,True,stable,Fallback histórico ativado,55.0,CVLI recente na janela de 30 dias,20.0,Sinal neural do ST-GAT,0.0,Fallback histórico ativado: 55.0% | CVLI recente na janela de 30 dias: 20.0% | Sinal neural do ST-GAT: 0.0%
2026-05-20T15:36:14,2026-05-15,src/core/orchestrator.py:get_combined_risk,cities_general_top30,23,PACAJUS,PACAJUS,rmf,cidade,10.65,baixo,43.1,muito baixa,59.9,moderada,0,0,104.0,1.3,0.0,0.0,100.0,100.0,100.0,0.0,-0.14,67.6,30,30,True,stable,Fallback histórico ativado,55.0,Sinal neural do ST-GAT,1.3,Tensão territorial,0.0,Fallback histórico ativado: 55.0% | Sinal neural do ST-GAT: 1.3% | Tensão territorial: 0.0%
2026-05-20T15:36:14,2026-05-15,src/core/orchestrator.py:get_combined_risk,cities_general_top30,24,PACATUBA,PACATUBA,rmf,cidade,10.65,baixo,41.9,muito baixa,59.0,moderada,0,0,58.0,1.3,0.0,0.0,100.0,95.0,95.0,0.0,-0.14,66.2,30,30,True,stable,Fallback histórico ativado,55.0,Sinal neural do ST-GAT,1.3,Tensão territorial,0.0,Fallback histórico ativado: 55.0% | Sinal neural do ST-GAT: 1.3% | Tensão territorial: 0.0%
2026-05-20T15:36:14,2026-05-15,src/core/orchestrator.py:get_combined_risk,cities_general_top30,25,PINDORETAMA,PINDORETAMA,rmf,cidade,10.65,baixo,31.9,muito baixa,58.1,moderada,0,0,42.0,1.3,0.0,0.0,100.0,55.0,55.0,0.0,-0.14,64.7,30,30,True,stable,Fallback histórico ativado,55.0,Sinal neural do ST-GAT,1.3,Tensão territorial,0.0,Fallback histórico ativado: 55.0% | Sinal neural do ST-GAT: 1.3% | Tensão territorial: 0.0%
2026-05-20T15:36:14,2026-05-15,src/core/orchestrator.py:get_combined_risk,cities_general_top30,26,EUSEBIO,EUSEBIO,rmf,cidade,10.65,baixo,28.1,muito baixa,57.2,moderada,0,0,36.0,1.3,0.0,0.0,100.0,40.0,40.0,0.0,-0.14,63.2,30,30,True,stable,Fallback histórico ativado,55.0,Sinal neural do ST-GAT,1.3,Tensão territorial,0.0,Fallback histórico ativado: 55.0% | Sinal neural do ST-GAT: 1.3% | Tensão territorial: 0.0%
2026-05-20T15:36:14,2026-05-15,src/core/orchestrator.py:get_combined_risk,cities_general_top30,27,SAO LUIS DO CURU,SAO LUIS DO CURU,rmf,cidade,10.65,baixo,21.3,muito baixa,56.4,moderada,0,0,25.0,1.3,0.0,0.0,100.0,12.5,12.5,0.0,-0.14,61.8,30,30,True,stable,Fallback histórico ativado,55.0,Sinal neural do ST-GAT,1.3,Tensão territorial,0.0,Fallback histórico ativado: 55.0% | Sinal neural do ST-GAT: 1.3% | Tensão territorial: 0.0%
2026-05-20T15:36:14,2026-05-15,src/core/orchestrator.py:get_combined_risk,cities_general_top30,28,SOLONOPOLE,SOLONOPOLE,interior,cidade,10.43,baixo,34.9,muito baixa,55.4,moderada,0,0,20.0,45.4,0.0,0.0,100.0,0.0,0.0,0.0,-0.16,60.3,120,120,False,stable,Sinal neural do ST-GAT,45.4,Tensão territorial,0.0,Atividade recente e vizinhança,0.0,Sinal neural do ST-GAT: 45.4% | Tensão territorial: 0.0% | Atividade recente e vizinhança: 0.0%
2026-05-20T15:36:14,2026-05-15,src/core/orchestrator.py:get_combined_risk,cities_general_top30,29,ITAPIUNA,ITAPIUNA,interior,cidade,9.48,baixo,34.7,muito baixa,54.3,moderada,0,0,19.0,43.3,0.0,0.0,100.0,0.0,0.0,0.0,-0.21,58.8,120,120,False,stable,Sinal neural do ST-GAT,43.3,Tensão territorial,0.0,Atividade recente e vizinhança,0.0,Sinal neural do ST-GAT: 43.3% | Tensão territorial: 0.0% | Atividade recente e vizinhança: 0.0%
2026-05-20T15:36:14,2026-05-15,src/core/orchestrator.py:get_combined_risk,cities_general_top30,30,VICOSA DO CEARA,VICOSA DO CEARA,interior,cidade,9.0,baixo,38.8,muito baixa,53.3,moderada,0,0,27.0,34.5,17.5,0.0,100.0,17.5,17.5,0.0,-0.23,57.4,120,120,False,stable,Sinal neural do ST-GAT,34.5,Tensão territorial,17.5,Atividade recente e vizinhança,0.0,Sinal neural do ST-GAT: 34.5% | Tensão territorial: 17.5% | Atividade recente e vizinhança: 0.0%
2026-05-20T15:36:14,2026-05-15,src/core/orchestrator.py:get_combined_risk,cities_rmf_top20,1,CAUCAIA,CAUCAIA,rmf,cidade,80.67,crítico,58.9,baixa,97.3,muito alta,0,1,652.0,100.0,100.0,0.0,93.3,100.0,100.0,50.0,3.61,100.0,30,30,True,stable,Sinal neural do ST-GAT,100.0,Tensão territorial,100.0,Fallback histórico ativado,55.0,Sinal neural do ST-GAT: 100.0% | Tensão territorial: 100.0% | Fallback histórico ativado: 55.0%
2026-05-20T15:36:14,2026-05-15,src/core/orchestrator.py:get_combined_risk,cities_rmf_top20,2,MARACANAU,MARACANAU,rmf,cidade,36.19,moderado,54.6,muito baixa,82.6,alta,0,0,654.0,12.4,100.0,0.0,100.0,100.0,100.0,0.0,1.25,94.4,30,30,True,stable,Tensão territorial,100.0,Fallback histórico ativado,55.0,Sinal neural do ST-GAT,12.4,Tensão territorial: 100.0% | Fallback histórico ativado: 55.0% | Sinal neural do ST-GAT: 12.4%
2026-05-20T15:36:14,2026-05-15,src/core/orchestrator.py:get_combined_risk,cities_rmf_top20,3,TRAIRI,TRAIRI,rmf,cidade,23.59,baixo,70.4,moderada,76.1,alta,3,3,16.0,29.2,0.0,100.0,10.0,100.0,0.0,100.0,0.58,88.9,30,30,True,stable,Atividade recente e vizinhança,100.0,CVLI recente na janela de 30 dias,60.0,Fallback histórico ativado,55.0,Atividade recente e vizinhança: 100.0% | CVLI recente na janela de 30 dias: 60.0% | Fallback histórico ativado: 55.0%
2026-05-20T15:36:14,2026-05-15,src/core/orchestrator.py:get_combined_risk,cities_rmf_top20,4,ITAITINGA,ITAITINGA,rmf,cidade,23.07,baixo,53.6,muito baixa,72.6,alta,1,1,26.0,2.8,0.0,50.0,33.3,100.0,15.0,100.0,0.55,83.3,30,30,True,stable,Fallback histórico ativado,55.0,Atividade recente e vizinhança,50.0,CVLI recente na janela de 30 dias,20.0,Fallback histórico ativado: 55.0% | Atividade recente e vizinhança: 50.0% | CVLI recente na janela de 30 dias: 20.0%
2026-05-20T15:36:14,2026-05-15,src/core/orchestrator.py:get_combined_risk,cities_rmf_top20,5,PARAIPABA,PARAIPABA,rmf,cidade,14.3,baixo,25.8,muito baixa,67.1,moderada,0,0,31.0,8.6,0.0,0.0,100.0,27.5,27.5,0.0,0.08,77.8,30,30,True,stable,Fallback histórico ativado,55.0,Sinal neural do ST-GAT,8.6,Tensão territorial,0.0,Fallback histórico ativado: 55.0% | Sinal neural do ST-GAT: 8.6% | Tensão territorial: 0.0%
2026-05-20T15:36:14,2026-05-15,src/core/orchestrator.py:get_combined_risk,cities_rmf_top20,6,HORIZONTE,HORIZONTE,rmf,cidade,11.0,baixo,48.0,muito baixa,62.9,moderada,0,1,128.0,0.0,0.0,0.0,90.0,100.0,100.0,50.0,-0.09,72.2,30,30,True,stable,Fallback histórico ativado,55.0,CVLI recente na janela de 30 dias,20.0,Sinal neural do ST-GAT,0.0,Fallback histórico ativado: 55.0% | CVLI recente na janela de 30 dias: 20.0% | Sinal neural do ST-GAT: 0.0%
2026-05-20T15:36:14,2026-05-15,src/core/orchestrator.py:get_combined_risk,cities_rmf_top20,7,PACAJUS,PACAJUS,rmf,cidade,10.65,baixo,43.1,muito baixa,59.5,moderada,0,0,104.0,1.3,0.0,0.0,100.0,100.0,100.0,0.0,-0.11,66.7,30,30,True,stable,Fallback histórico ativado,55.0,Sinal neural do ST-GAT,1.3,Tensão territorial,0.0,Fallback histórico ativado: 55.0% | Sinal neural do ST-GAT: 1.3% | Tensão territorial: 0.0%
2026-05-20T15:36:14,2026-05-15,src/core/orchestrator.py:get_combined_risk,cities_rmf_top20,8,PACATUBA,PACATUBA,rmf,cidade,10.65,baixo,41.9,muito baixa,56.1,moderada,0,0,58.0,1.3,0.0,0.0,100.0,95.0,95.0,0.0,-0.11,61.1,30,30,True,stable,Fallback histórico ativado,55.0,Sinal neural do ST-GAT,1.3,Tensão territorial,0.0,Fallback histórico ativado: 55.0% | Sinal neural do ST-GAT: 1.3% | Tensão territorial: 0.0%
2026-05-20T15:36:14,2026-05-15,src/core/orchestrator.py:get_combined_risk,cities_rmf_top20,9,PINDORETAMA,PINDORETAMA,rmf,cidade,10.65,baixo,31.9,muito baixa,52.8,moderada,0,0,42.0,1.3,0.0,0.0,100.0,55.0,55.0,0.0,-0.11,55.6,30,30,True,stable,Fallback histórico ativado,55.0,Sinal neural do ST-GAT,1.3,Tensão territorial,0.0,Fallback histórico ativado: 55.0% | Sinal neural do ST-GAT: 1.3% | Tensão territorial: 0.0%
2026-05-20T15:36:14,2026-05-15,src/core/orchestrator.py:get_combined_risk,cities_rmf_top20,10,EUSEBIO,EUSEBIO,rmf,cidade,10.65,baixo,28.1,muito baixa,49.5,baixa,0,0,36.0,1.3,0.0,0.0,100.0,40.0,40.0,0.0,-0.11,50.0,30,30,True,stable,Fallback histórico ativado,55.0,Sinal neural do ST-GAT,1.3,Tensão territorial,0.0,Fallback histórico ativado: 55.0% | Sinal neural do ST-GAT: 1.3% | Tensão territorial: 0.0%
2026-05-20T15:36:14,2026-05-15,src/core/orchestrator.py:get_combined_risk,cities_rmf_top20,11,SAO LUIS DO CURU,SAO LUIS DO CURU,rmf,cidade,10.65,baixo,21.3,muito baixa,46.1,baixa,0,0,25.0,1.3,0.0,0.0,100.0,12.5,12.5,0.0,-0.11,44.4,30,30,True,stable,Fallback histórico ativado,55.0,Sinal neural do ST-GAT,1.3,Tensão territorial,0.0,Fallback histórico ativado: 55.0% | Sinal neural do ST-GAT: 1.3% | Tensão territorial: 0.0%
2026-05-20T15:36:14,2026-05-15,src/core/orchestrator.py:get_combined_risk,cities_rmf_top20,12,AQUIRAZ,AQUIRAZ,rmf,cidade,0.0,baixo,18.1,muito baixa,40.1,baixa,0,0,20.0,1.3,0.0,0.0,100.0,0.0,0.0,0.0,-0.68,38.9,30,30,True,stable,Fallback histórico ativado,55.0,Sinal neural do ST-GAT,1.3,Tensão territorial,0.0,Fallback histórico ativado: 55.0% | Sinal neural do ST-GAT: 1.3% | Tensão territorial: 0.0%
2026-05-20T15:36:14,2026-05-15,src/core/orchestrator.py:get_combined_risk,cities_rmf_top20,13,PARACURU,PARACURU,rmf,cidade,0.0,baixo,18.4,muito baixa,36.7,baixa,0,0,19.0,4.1,0.0,0.0,100.0,0.0,0.0,0.0,-0.68,33.3,30,30,True,stable,Fallback histórico ativado,55.0,Sinal neural do ST-GAT,4.1,Tensão territorial,0.0,Fallback histórico ativado: 55.0% | Sinal neural do ST-GAT: 4.1% | Tensão territorial: 0.0%
2026-05-20T15:36:14,2026-05-15,src/core/orchestrator.py:get_combined_risk,cities_rmf_top20,14,MARANGUAPE,MARANGUAPE,rmf,cidade,0.0,baixo,18.1,muito baixa,33.4,baixa,0,0,9.0,1.3,0.0,0.0,100.0,0.0,0.0,0.0,-0.68,27.8,30,30,True,stable,Fallback histórico ativado,55.0,Sinal neural do ST-GAT,1.3,Tensão territorial,0.0,Fallback histórico ativado: 55.0% | Sinal neural do ST-GAT: 1.3% | Tensão territorial: 0.0%
2026-05-20T15:36:14,2026-05-15,src/core/orchestrator.py:get_combined_risk,cities_rmf_top20,15,GUAIUBA,GUAIUBA,rmf,cidade,0.0,baixo,18.1,muito baixa,30.1,baixa,0,0,15.0,1.3,0.0,0.0,100.0,0.0,0.0,0.0,-0.68,22.2,30,30,True,stable,Fallback histórico ativado,55.0,Sinal neural do ST-GAT,1.3,Tensão territorial,0.0,Fallback histórico ativado: 55.0% | Sinal neural do ST-GAT: 1.3% | Tensão territorial: 0.0%
2026-05-20T15:36:14,2026-05-15,src/core/orchestrator.py:get_combined_risk,cities_rmf_top20,16,CHOROZINHO,CHOROZINHO,rmf,cidade,0.0,baixo,18.1,muito baixa,26.8,baixa,0,0,15.0,1.3,0.0,0.0,100.0,0.0,0.0,0.0,-0.68,16.7,30,30,True,stable,Fallback histórico ativado,55.0,Sinal neural do ST-GAT,1.3,Tensão territorial,0.0,Fallback histórico ativado: 55.0% | Sinal neural do ST-GAT: 1.3% | Tensão territorial: 0.0%
2026-05-20T15:36:14,2026-05-15,src/core/orchestrator.py:get_combined_risk,cities_rmf_top20,17,CASCAVEL,CASCAVEL,rmf,cidade,0.0,baixo,18.4,muito baixa,23.4,baixa,0,0,2.0,3.8,0.0,0.0,100.0,0.0,0.0,0.0,-0.68,11.1,30,30,True,stable,Fallback histórico ativado,55.0,Sinal neural do ST-GAT,3.8,Tensão territorial,0.0,Fallback histórico ativado: 55.0% | Sinal neural do ST-GAT: 3.8% | Tensão territorial: 0.0%
2026-05-20T15:36:14,2026-05-15,src/core/orchestrator.py:get_combined_risk,cities_rmf_top20,18,SAO GONCALO DO AMARANTE,SAO GONCALO DO AMARANTE,rmf,cidade,0.0,baixo,18.1,muito baixa,20.1,baixa,0,0,1.0,1.3,0.0,0.0,100.0,0.0,0.0,0.0,-0.68,5.6,30,30,True,stable,Fallback histórico ativado,55.0,Sinal neural do ST-GAT,1.3,Tensão territorial,0.0,Fallback histórico ativado: 55.0% | Sinal neural do ST-GAT: 1.3% | Tensão territorial: 0.0%
2026-05-20T15:36:14,2026-05-15,src/core/orchestrator.py:get_combined_risk,cities_rmf_top20,19,BEBERIBE,BEBERIBE,rmf,cidade,0.0,baixo,18.5,muito baixa,16.7,baixa,0,0,1.0,4.9,0.0,0.0,100.0,0.0,0.0,0.0,-0.68,0.0,30,30,True,stable,Fallback histórico ativado,55.0,Sinal neural do ST-GAT,4.9,Tensão territorial,0.0,Fallback histórico ativado: 55.0% | Sinal neural do ST-GAT: 4.9% | Tensão territorial: 0.0%
2026-05-20T15:36:14,2026-05-15,src/core/orchestrator.py:get_combined_risk,fortaleza_bairros_top30,1,AEROLANDIA,AEROLANDIA,fortaleza,bairro,81.85,crítico,86.0,alta,100.0,muito alta,2,2,53.0,72.0,100.0,100.0,13.3,100.0,82.5,100.0,4.25,100.0,120,120,False,stable,Atividade recente e vizinhança,100.0,Tensão territorial,100.0,Sinal neural do ST-GAT,72.0,Atividade recente e vizinhança: 100.0% | Tensão territorial: 100.0% | Sinal neural do ST-GAT: 72.0%
2026-05-20T15:36:14,2026-05-15,src/core/orchestrator.py:get_combined_risk,fortaleza_bairros_top30,2,BARROSO,BARROSO,fortaleza,bairro,66.27,alto,83.7,moderada,94.9,muito alta,1,2,111.0,66.0,100.0,50.0,33.3,100.0,100.0,100.0,3.2,99.2,120,120,False,stable,Tensão territorial,100.0,Sinal neural do ST-GAT,66.0,Atividade recente e vizinhança,50.0,Tensão territorial: 100.0% | Sinal neural do ST-GAT: 66.0% | Atividade recente e vizinhança: 50.0%
2026-05-20T15:36:14,2026-05-15,src/core/orchestrator.py:get_combined_risk,fortaleza_bairros_top30,3,CURIO,CURIO,fortaleza,bairro,65.46,alto,66.4,baixa,94.1,muito alta,0,0,68.0,92.4,100.0,0.0,100.0,100.0,100.0,0.0,3.14,98.3,120,120,False,stable,Tensão territorial,100.0,Sinal neural do ST-GAT,92.4,Atividade recente e vizinhança,0.0,Tensão territorial: 100.0% | Sinal neural do ST-GAT: 92.4% | Atividade recente e vizinhança: 0.0%
2026-05-20T15:36:14,2026-05-15,src/core/orchestrator.py:get_combined_risk,fortaleza_bairros_top30,4,MESSEJANA,MESSEJANA,fortaleza,bairro,62.96,alto,66.6,baixa,92.8,muito alta,0,0,81.0,88.3,100.0,0.0,100.0,100.0,100.0,0.0,2.97,97.5,120,120,False,stable,Tensão territorial,100.0,Sinal neural do ST-GAT,88.3,Atividade recente e vizinhança,0.0,Tensão territorial: 100.0% | Sinal neural do ST-GAT: 88.3% | Atividade recente e vizinhança: 0.0%
2026-05-20T15:36:14,2026-05-15,src/core/orchestrator.py:get_combined_risk,fortaleza_bairros_top30,5,BOM JARDIM,BOM JARDIM,fortaleza,bairro,57.86,alto,78.1,moderada,90.6,muito alta,1,1,76.0,53.1,100.0,50.0,40.0,100.0,100.0,100.0,2.63,96.7,120,120,False,stable,Tensão territorial,100.0,Sinal neural do ST-GAT,53.1,Atividade recente e vizinhança,50.0,Tensão territorial: 100.0% | Sinal neural do ST-GAT: 53.1% | Atividade recente e vizinhança: 50.0%
2026-05-20T15:36:14,2026-05-15,src/core/orchestrator.py:get_combined_risk,fortaleza_bairros_top30,6,ANCURI,ANCURI,fortaleza,bairro,56.89,alto,78.0,moderada,89.8,muito alta,1,1,74.0,50.4,100.0,50.0,33.3,100.0,100.0,100.0,2.56,95.9,120,120,False,stable,Tensão territorial,100.0,Sinal neural do ST-GAT,50.4,Atividade recente e vizinhança,50.0,Tensão territorial: 100.0% | Sinal neural do ST-GAT: 50.4% | Atividade recente e vizinhança: 50.0%
2026-05-20T15:36:14,2026-05-15,src/core/orchestrator.py:get_combined_risk,fortaleza_bairros_top30,7,CONJUNTO PALMEIRAS,CONJUNTO PALMEIRAS,fortaleza,bairro,53.11,alto,77.4,moderada,88.1,muito alta,1,1,58.0,43.0,100.0,50.0,26.7,100.0,95.0,100.0,2.31,95.0,120,120,False,stable,Tensão territorial,100.0,Atividade recente e vizinhança,50.0,Sinal neural do ST-GAT,43.0,Tensão territorial: 100.0% | Atividade recente e vizinhança: 50.0% | Sinal neural do ST-GAT: 43.0%
2026-05-20T15:36:14,2026-05-15,src/core/orchestrator.py:get_combined_risk,fortaleza_bairros_top30,8,PARQUE IRACEMA,PARQUE IRACEMA,fortaleza,bairro,53.0,alto,45.5,muito baixa,87.6,muito alta,0,0,26.0,100.0,15.0,0.0,100.0,15.0,15.0,0.0,2.3,94.2,120,120,False,stable,Sinal neural do ST-GAT,100.0,Tensão territorial,15.0,Atividade recente e vizinhança,0.0,Sinal neural do ST-GAT: 100.0% | Tensão territorial: 15.0% | Atividade recente e vizinhança: 0.0%
2026-05-20T15:36:14,2026-05-15,src/core/orchestrator.py:get_combined_risk,fortaleza_bairros_top30,9,ALTO ALEGRE,ALTO ALEGRE,fortaleza,bairro,45.88,moderado,67.7,baixa,84.8,alta,0,0,129.0,59.8,100.0,0.0,100.0,100.0,100.0,0.0,1.82,93.4,120,120,False,stable,Tensão territorial,100.0,Sinal neural do ST-GAT,59.8,Atividade recente e vizinhança,0.0,Tensão territorial: 100.0% | Sinal neural do ST-GAT: 59.8% | Atividade recente e vizinhança: 0.0%
2026-05-20T15:36:14,2026-05-15,src/core/orchestrator.py:get_combined_risk,fortaleza_bairros_top30,10,PLANALTO AYRTON SENNA,PLANALTO AYRTON SENNA,fortaleza,bairro,43.64,moderado,67.7,baixa,83.6,alta,0,0,93.0,56.1,100.0,0.0,100.0,100.0,100.0,0.0,1.67,92.6,120,120,False,stable,Tensão territorial,100.0,Sinal neural do ST-GAT,56.1,Atividade recente e vizinhança,0.0,Tensão territorial: 100.0% | Sinal neural do ST-GAT: 56.1% | Atividade recente e vizinhança: 0.0%
2026-05-20T15:36:14,2026-05-15,src/core/orchestrator.py:get_combined_risk,fortaleza_bairros_top30,11,SIQUEIRA,SIQUEIRA,fortaleza,bairro,41.85,moderado,67.7,baixa,82.5,alta,0,0,82.0,53.1,100.0,0.0,100.0,100.0,100.0,0.0,1.55,91.7,120,120,False,stable,Tensão territorial,100.0,Sinal neural do ST-GAT,53.1,Atividade recente e vizinhança,0.0,Tensão territorial: 100.0% | Sinal neural do ST-GAT: 53.1% | Atividade recente e vizinhança: 0.0%
2026-05-20T15:36:14,2026-05-15,src/core/orchestrator.py:get_combined_risk,fortaleza_bairros_top30,12,MONDUBIM,MONDUBIM,fortaleza,bairro,38.42,moderado,55.9,baixa,80.9,alta,0,0,48.0,57.4,70.0,0.0,100.0,70.0,70.0,0.0,1.32,90.9,120,120,False,stable,Tensão territorial,70.0,Sinal neural do ST-GAT,57.4,Atividade recente e vizinhança,0.0,Tensão territorial: 70.0% | Sinal neural do ST-GAT: 57.4% | Atividade recente e vizinhança: 0.0%
2026-05-20T15:36:14,2026-05-15,src/core/orchestrator.py:get_combined_risk,fortaleza_bairros_top30,13,CANINDEZINHO,CANINDEZINHO,fortaleza,bairro,37.26,moderado,53.9,muito baixa,80.0,alta,0,1,39.0,55.4,50.0,0.0,60.0,50.0,47.5,50.0,1.24,90.1,120,120,False,stable,Sinal neural do ST-GAT,55.4,Tensão territorial,50.0,CVLI recente na janela de 30 dias,20.0,Sinal neural do ST-GAT: 55.4% | Tensão territorial: 50.0% | CVLI recente na janela de 30 dias: 20.0%
2026-05-20T15:36:14,2026-05-15,src/core/orchestrator.py:get_combined_risk,fortaleza_bairros_top30,14,PEDRAS,PEDRAS,fortaleza,bairro,36.94,moderado,67.7,baixa,79.4,alta,0,0,80.0,44.9,100.0,0.0,100.0,100.0,100.0,0.0,1.22,89.3,120,120,False,stable,Tensão territorial,100.0,Sinal neural do ST-GAT,44.9,Atividade recente e vizinhança,0.0,Tensão territorial: 100.0% | Sinal neural do ST-GAT: 44.9% | Atividade recente e vizinhança: 0.0%
2026-05-20T15:36:14,2026-05-15,src/core/orchestrator.py:get_combined_risk,fortaleza_bairros_top30,15,JOSE WALTER,JOSE WALTER,fortaleza,bairro,35.36,moderado,67.7,baixa,78.4,alta,0,0,77.0,42.3,100.0,0.0,100.0,100.0,100.0,0.0,1.11,88.4,120,120,False,stable,Tensão territorial,100.0,Sinal neural do ST-GAT,42.3,Atividade recente e vizinhança,0.0,Tensão territorial: 100.0% | Sinal neural do ST-GAT: 42.3% | Atividade recente e vizinhança: 0.0%
2026-05-20T15:36:14,2026-05-15,src/core/orchestrator.py:get_combined_risk,fortaleza_bairros_top30,16,BARRA DO CEARA,BARRA DO CEARA,fortaleza,bairro,35.31,moderado,67.7,baixa,77.9,alta,0,0,106.0,42.2,100.0,0.0,100.0,100.0,100.0,0.0,1.11,87.6,120,120,False,stable,Tensão territorial,100.0,Sinal neural do ST-GAT,42.2,Atividade recente e vizinhança,0.0,Tensão territorial: 100.0% | Sinal neural do ST-GAT: 42.2% | Atividade recente e vizinhança: 0.0%
2026-05-20T15:36:14,2026-05-15,src/core/orchestrator.py:get_combined_risk,fortaleza_bairros_top30,17,GRANJA PORTUGAL,GRANJA PORTUGAL,fortaleza,bairro,34.24,moderado,66.8,baixa,77.1,alta,0,0,59.0,41.2,97.5,0.0,100.0,97.5,97.5,0.0,1.04,86.8,120,120,False,stable,Tensão territorial,97.5,Sinal neural do ST-GAT,41.2,Atividade recente e vizinhança,0.0,Tensão territorial: 97.5% | Sinal neural do ST-GAT: 41.2% | Atividade recente e vizinhança: 0.0%
2026-05-20T15:36:14,2026-05-15,src/core/orchestrator.py:get_combined_risk,fortaleza_bairros_top30,18,PARQUE SAO JOSE,PARQUE SAO JOSE,fortaleza,bairro,32.82,moderado,61.1,baixa,76.1,alta,0,0,53.0,43.9,82.5,0.0,100.0,82.5,82.5,0.0,0.94,86.0,120,120,False,stable,Tensão territorial,82.5,Sinal neural do ST-GAT,43.9,Atividade recente e vizinhança,0.0,Tensão territorial: 82.5% | Sinal neural do ST-GAT: 43.9% | Atividade recente e vizinhança: 0.0%
2026-05-20T15:36:14,2026-05-15,src/core/orchestrator.py:get_combined_risk,fortaleza_bairros_top30,19,GRANJA LISBOA,GRANJA LISBOA,fortaleza,bairro,32.65,moderado,67.6,baixa,75.5,alta,0,0,89.0,37.8,100.0,0.0,100.0,100.0,100.0,0.0,0.93,85.1,120,120,False,stable,Tensão territorial,100.0,Sinal neural do ST-GAT,37.8,Atividade recente e vizinhança,0.0,Tensão territorial: 100.0% | Sinal neural do ST-GAT: 37.8% | Atividade recente e vizinhança: 0.0%
2026-05-20T15:36:14,2026-05-15,src/core/orchestrator.py:get_combined_risk,fortaleza_bairros_top30,20,CRISTO REDENTOR,CRISTO REDENTOR,fortaleza,bairro,29.01,baixo,67.5,baixa,73.9,alta,0,0,77.0,31.7,100.0,0.0,100.0,100.0,100.0,0.0,0.69,84.3,120,120,False,stable,Tensão territorial,100.0,Sinal neural do ST-GAT,31.7,Atividade recente e vizinhança,0.0,Tensão territorial: 100.0% | Sinal neural do ST-GAT: 31.7% | Atividade recente e vizinhança: 0.0%
2026-05-20T15:36:14,2026-05-15,src/core/orchestrator.py:get_combined_risk,fortaleza_bairros_top30,21,VICENTE PINZON,VICENTE PINZON,fortaleza,bairro,28.86,baixo,64.8,baixa,73.3,alta,0,0,57.0,33.9,92.5,0.0,100.0,92.5,92.5,0.0,0.68,83.5,120,120,False,stable,Tensão territorial,92.5,Sinal neural do ST-GAT,33.9,Atividade recente e vizinhança,0.0,Tensão territorial: 92.5% | Sinal neural do ST-GAT: 33.9% | Atividade recente e vizinhança: 0.0%
2026-05-20T15:36:14,2026-05-15,src/core/orchestrator.py:get_combined_risk,fortaleza_bairros_top30,22,PRAIA DO FUTURO,PRAIA DO FUTURO,fortaleza,bairro,28.16,baixo,61.1,baixa,72.6,alta,0,0,53.0,36.1,82.5,0.0,100.0,82.5,82.5,0.0,0.63,82.6,120,120,False,stable,Tensão territorial,82.5,Sinal neural do ST-GAT,36.1,Atividade recente e vizinhança,0.0,Tensão territorial: 82.5% | Sinal neural do ST-GAT: 36.1% | Atividade recente e vizinhança: 0.0%
2026-05-20T15:36:14,2026-05-15,src/core/orchestrator.py:get_combined_risk,fortaleza_bairros_top30,23,ANTONIO BEZERRA,ANTONIO BEZERRA,fortaleza,bairro,27.92,baixo,60.2,baixa,72.0,alta,0,0,52.0,36.5,80.0,0.0,100.0,80.0,80.0,0.0,0.61,81.8,120,120,False,stable,Tensão territorial,80.0,Sinal neural do ST-GAT,36.5,Atividade recente e vizinhança,0.0,Tensão territorial: 80.0% | Sinal neural do ST-GAT: 36.5% | Atividade recente e vizinhança: 0.0%
2026-05-20T15:36:14,2026-05-15,src/core/orchestrator.py:get_combined_risk,fortaleza_bairros_top30,24,JANGURUSSU,JANGURUSSU,fortaleza,bairro,27.9,baixo,67.4,baixa,71.5,alta,0,0,104.0,29.8,100.0,0.0,100.0,100.0,100.0,0.0,0.61,81.0,120,120,False,stable,Tensão territorial,100.0,Sinal neural do ST-GAT,29.8,Atividade recente e vizinhança,0.0,Tensão territorial: 100.0% | Sinal neural do ST-GAT: 29.8% | Atividade recente e vizinhança: 0.0%
2026-05-20T15:36:14,2026-05-15,src/core/orchestrator.py:get_combined_risk,fortaleza_bairros_top30,25,JARDIM DAS OLIVEIRAS,JARDIM DAS OLIVEIRAS,fortaleza,bairro,27.24,baixo,65.6,baixa,70.8,alta,0,0,58.0,30.4,95.0,0.0,100.0,95.0,95.0,0.0,0.57,80.2,120,120,False,stable,Tensão territorial,95.0,Sinal neural do ST-GAT,30.4,Atividade recente e vizinhança,0.0,Tensão territorial: 95.0% | Sinal neural do ST-GAT: 30.4% | Atividade recente e vizinhança: 0.0%
2026-05-20T15:36:14,2026-05-15,src/core/orchestrator.py:get_combined_risk,fortaleza_bairros_top30,26,LAGOA REDONDA,LAGOA REDONDA,fortaleza,bairro,26.84,baixo,42.5,muito baixa,70.2,alta,0,0,29.0,53.9,22.5,0.0,100.0,22.5,22.5,0.0,0.54,79.3,120,120,False,stable,Sinal neural do ST-GAT,53.9,Tensão territorial,22.5,Atividade recente e vizinhança,0.0,Sinal neural do ST-GAT: 53.9% | Tensão territorial: 22.5% | Atividade recente e vizinhança: 0.0%
2026-05-20T15:36:14,2026-05-15,src/core/orchestrator.py:get_combined_risk,fortaleza_bairros_top30,27,AMADEU FURTADO,AMADEU FURTADO,fortaleza,bairro,26.22,baixo,53.5,muito baixa,69.5,moderada,0,0,45.0,39.5,62.5,0.0,100.0,62.5,62.5,0.0,0.5,78.5,120,120,False,stable,Tensão territorial,62.5,Sinal neural do ST-GAT,39.5,Atividade recente e vizinhança,0.0,Tensão territorial: 62.5% | Sinal neural do ST-GAT: 39.5% | Atividade recente e vizinhança: 0.0%
2026-05-20T15:36:14,2026-05-15,src/core/orchestrator.py:get_combined_risk,fortaleza_bairros_top30,28,NOVO MONDUBIM,NOVO MONDUBIM,fortaleza,bairro,26.18,baixo,39.9,muito baixa,69.0,moderada,0,0,25.0,56.1,12.5,0.0,100.0,12.5,12.5,0.0,0.5,77.7,120,120,False,stable,Sinal neural do ST-GAT,56.1,Tensão territorial,12.5,Atividade recente e vizinhança,0.0,Sinal neural do ST-GAT: 56.1% | Tensão territorial: 12.5% | Atividade recente e vizinhança: 0.0%
2026-05-20T15:36:14,2026-05-15,src/core/orchestrator.py:get_combined_risk,fortaleza_bairros_top30,29,CONJUNTO ESPERANCA,CONJUNTO ESPERANCA,fortaleza,bairro,25.9,baixo,38.6,muito baixa,68.4,moderada,0,0,23.0,57.3,7.5,0.0,100.0,7.5,7.5,0.0,0.48,76.9,120,120,False,stable,Sinal neural do ST-GAT,57.3,Tensão territorial,7.5,Atividade recente e vizinhança,0.0,Sinal neural do ST-GAT: 57.3% | Tensão territorial: 7.5% | Atividade recente e vizinhança: 0.0%
2026-05-20T15:36:14,2026-05-15,src/core/orchestrator.py:get_combined_risk,fortaleza_bairros_top30,30,CARLITO PAMPLONA,CARLITO PAMPLONA,fortaleza,bairro,24.16,baixo,45.0,muito baixa,67.3,moderada,0,0,36.0,43.6,40.0,0.0,100.0,40.0,40.0,0.0,0.36,76.0,120,120,False,stable,Sinal neural do ST-GAT,43.6,Tensão territorial,40.0,Atividade recente e vizinhança,0.0,Sinal neural do ST-GAT: 43.6% | Tensão territorial: 40.0% | Atividade recente e vizinhança: 0.0%
