period,region,full_horizon,days,active_locations_avg,total_cvli_horizon_sum,p5_event,p5_rank,recall5_event,p10_event,p10_rank,recall10_event,p20_event,p20_rank,recall20_event
avaliacao,fortaleza,True,120,8.9667,2026,0.29,0.2217,0.1739,0.245,0.2367,0.2798,0.1896,0.2421,0.4258
avaliacao,interior,True,113,4.0265,514,0.1221,0.1027,0.2093,0.1319,0.1717,0.3523,0.1009,0.2575,0.5313
avaliacao,rmf,True,117,4.2393,1331,0.3744,0.3812,0.4941,0.3043,0.5838,0.7422,0.2231,1.0,1.0
validacao,fortaleza,False,8,1.5,15,0.075,0.275,0.375,0.05,0.15,0.5,0.025,0.1,0.5
validacao,fortaleza,True,6,4.6667,34,0.0,0.0667,0.0,0.0667,0.1167,0.1222,0.0333,0.0833,0.1222
validacao,interior,False,6,3.0,22,0.0333,0.0333,0.0833,0.1667,0.2,0.6528,0.15,0.325,1.0
validacao,interior,True,6,4.0,30,0.0,0.0,0.0,0.1,0.1,0.25,0.15,0.2917,0.75
validacao,rmf,False,12,1.0,34,0.2,0.2,1.0,0.1,0.3917,1.0,0.0526,1.0,1.0
validacao,rmf,True,6,1.6667,27,0.2,0.2,0.6667,0.1,0.4,0.6667,0.0877,1.0,1.0
