global_rank,micronode_id,score,bairro,regional,faction,longitude,latitude,local_street_pressure,nearby_streets_count,nearby_streets
1,Sítios Novos- Caucaia,67.643,CAUCAIA,rmf,CV,-38.95021675,-3.7455504687499994,2.021,4,SÍTIOS NOVOS- CAUCAIA; RUA BOA ESPERANÇA; ESTRADA PARÁ AGRIVILA
2,Coité Pedreira,67.422,CAUCAIA,rmf,CV,-38.744439309523806,-3.7462188095238096,3.092,5,COITÉ PEDREIRA; TRAVESSA DO PROFESSOR; RUA MARIA DO PATROCÍNIO
3,Comunidade dos Cariocas - Caucaia,67.251,MARECHAL RONDON,rmf,CV,-38.63100255555556,-3.7793906666666666,3.429,8,COMUNIDADE DOS CARIOCAS - CAUCAIA; CONDOMÍNIOS; CAJUEIROS
4,Japuara- Caucaia,67.249,PARQUE SOLEDADE,rmf,CV,-38.747452042553206,-3.682344829787234,1.572,4,AVENIDA RAPOSO TAVARES; JAPUARA- CAUCAIA; RUA MARIA LUIZA SOARES
5,Tanubapa,66.656,CAUCAIA,rmf,CV,-38.7704654054054,-3.6430006756756748,2.3,3,TANUBAPA; TRAVESSA JEOVÁ; RUA FCO. JEOVÁ DA MOTA
6,Taquara - Caucaia,66.625,URUCUTUBA,rmf,CV,-38.663501657142845,-3.822248923809524,0.964,2,RODOVIA RAIMUNDO PESSOA DE ARAÚJO; TAQUARA - CAUCAIA
7,Primavera,66.616,CAUCAIA,rmf,CV,-38.82577786363637,-3.7108689090909093,2.793,4,PRIMAVERA; RUA VALESCA; RUA ANTÔNIO BRASILEIRO
8,Planalto Caucaia,66.254,PARQUE SOLEDADE,rmf,CV,-38.662789479999994,-3.7458330000000006,2.71,7,PLANALTO CAUCAIA; RUA 107; NOVA CIGANA
9,Planalto Caucaia,65.766,PARQUE SOLEDADE,rmf,CV,-38.6664246,-3.7444564999999996,2.516,7,AVENIDA CONTÔRNO NORTE; CONDOMÍNIO PABUSSU; RUA 107
10,Mingau - Caucaia,65.614,CAUCAIA,rmf,CV,-38.737788392857134,-3.825179428571428,2.447,4,MINGAU - CAUCAIA; RUA MINGUAU; RUA ALTO DAS CAMPINAS
11,Boqueirão- Caucaia,65.059,CAUCAIA,rmf,CV,-38.766643676470586,-3.725872588235294,1.964,3,BOQUEIRÃO- CAUCAIA; RUA JOSÉ ROCHA CRISÓSTOMO; RUA MANOEL RODRIGUES DE LIMA
12,Cipó - Caucaia,64.95,PARQUE SOLEDADE,rmf,CV,-38.69940679310345,-3.7020965517241384,1.993,4,CIPÓ - CAUCAIA; AVENIDA AMARO RODRIGUES DOS SANTOS; RUA JOSÉ ALVES BEZERRA
13,Arianópolis - Caucaia,64.568,URUCUTUBA,rmf,CV,-38.64739823809524,-3.767287619047619,0.707,2,ARIANÓPOLIS - CAUCAIA; COMUNIDADE DA VACARIA - ARATURI
14,Mangabeira- Caucaia,64.513,CAUCAIA,rmf,CV,-38.753065533333334,-3.6610709333333338,0.488,1,MANGABEIRA- CAUCAIA
15,Alto do Garrote - Caucaia,64.444,PARQUE SOLEDADE,rmf,CV,-38.70540721428572,-3.6928268571428573,1.715,3,RUA JOAQUIM GADELHA; ALTO DO GARROTE - CAUCAIA; RUA ZEZITO PONTES
16,JARANDRAGOEIRA,64.428,CAUCAIA,rmf,CV,-38.74641870588235,-3.8078237176470586,1.683,2,JARANDRAGOEIRA; POVOADO JARANDRAGOEIRA
17,Alto da Raposa,64.421,CAUCAIA,rmf,CV,-38.759018437499996,-3.7043610624999994,1.9,3,ALTO DA RAPOSA; RUA CAMARÁ 2; CAMARÁ
18,Camará,64.353,CAUCAIA,rmf,CV,-38.74877465,-3.6997147499999996,0.825,2,CAMARÁ; ALTO DA RAPOSA
19,Campo do Urubu - Caucaia,64.285,PARQUE SOLEDADE,rmf,CV,-38.667880000000004,-3.7186306,1.789,4,CAMPO DO URUBU - CAUCAIA; ITAPOA; RUA JOAO DE SALES FILHO
20,Comunidade Madureira - Caucaia,63.758,PARQUE SOLEDADE,rmf,CV,-38.652227875,-3.719691125,1.548,3,COMUNIDADE MADUREIRA - CAUCAIA; PADRE ROMUALDO; RUA ITAMBE
21,Mingau ll,63.677,CAUCAIA,rmf,CV,-38.72749604761904,-3.8136852380952373,1.211,2,MINGAU LL; MINGAU - CAUCAIA
22,Santa Rosa- Caucaia,63.675,CAUCAIA,rmf,CV,-38.78958215094341,-3.694259094339621,1.161,1,SANTA ROSA- CAUCAIA
23,Parque Veraneio - Caucaia,63.405,IPARANA,rmf,CV,-38.65913514285713,-3.684865,1.314,2,PARQUE VERANEIO - CAUCAIA; CONDOMÍNIO SÃO PAULO E SÃO PEDRO
24,Boqueirão - Caucaia,63.233,CAUCAIA,rmf,CV,-38.87538952941177,-3.7468802352941175,1.226,1,BOQUEIRÃO - CAUCAIA
25,Distrito de Bolso,63.061,CAUCAIA,rmf,CV,-38.85515045161291,-3.619330677419356,0.554,1,DISTRITO DE BOLSO
26,Tucunduba,62.994,CAUCAIA,rmf,CV,-38.753029229166664,-3.8719210208333323,0.984,1,TUCUNDUBA
27,Toco- Caucaia,62.987,URUCUTUBA,rmf,CV,-38.67696664583333,-3.7788568333333337,0.308,1,TOCO- CAUCAIA
28,Carrapicho- Caucaia,62.702,URUCUTUBA,rmf,CV,-38.686855,-3.782990586206896,0.625,1,CARRAPICHO- CAUCAIA
29,Língua da Cobra,62.685,CAUCAIA,rmf,CV,-38.78185689189189,-3.841368378378378,0.766,1,LÍNGUA DA COBRA
30,Bom Jesus - Caucaia,62.09,PARQUE SOLEDADE,rmf,CV,-38.67954290909092,-3.714925909090909,0.522,1,BOM JESUS - CAUCAIA
