janela,escopo,node,cvli_bruto,mortes_brutas,primeira_data,ultima_data,rank
14d,municipio,MARACANAU,4,4.0,2026-07-04,2026-07-11,1
14d,municipio,BOA VIAGEM,2,2.0,2026-07-10,2026-07-14,2
14d,municipio,CAUCAIA,2,2.0,2026-07-09,2026-07-09,3
14d,municipio,IPAUMIRIM,2,2.0,2026-07-14,2026-07-14,4
14d,bairro_fortaleza,JOSE DE ALENCAR,2,2.0,2026-07-05,2026-07-13,5
14d,municipio,LIMOEIRO DO NORTE,2,2.0,2026-07-08,2026-07-11,6
14d,municipio,PARAMBU,2,2.0,2026-07-04,2026-07-04,7
14d,municipio,TAUA,2,2.0,2026-07-05,2026-07-05,8
14d,municipio,UMIRIM,2,2.0,2026-07-06,2026-07-06,9
14d,municipio,ACARAU,1,1.0,2026-07-03,2026-07-03,10
14d,municipio,ACOPIARA,1,1.0,2026-07-14,2026-07-14,11
14d,municipio,ALTO SANTO,1,1.0,2026-07-11,2026-07-11,12
14d,municipio,AMONTADA,1,1.0,2026-07-12,2026-07-12,13
14d,municipio,ARNEIROZ,1,1.0,2026-07-03,2026-07-03,14
14d,municipio,BARBALHA,1,1.0,2026-07-08,2026-07-08,15
14d,municipio,BATURITE,1,1.0,2026-07-16,2026-07-16,16
14d,municipio,CANINDE,1,1.0,2026-07-05,2026-07-05,17
14d,municipio,CARIRE,1,1.0,2026-07-06,2026-07-06,18
14d,bairro_fortaleza,CIRSTO REDENTOR,1,1.0,2026-07-14,2026-07-14,19
14d,bairro_fortaleza,CONJUNTO PALMEIRAS,1,1.0,2026-07-07,2026-07-07,20
14d,municipio,CRATEUS,1,1.0,2026-07-05,2026-07-05,21
14d,municipio,CRATO,1,1.0,2026-07-15,2026-07-15,22
14d,bairro_fortaleza,EDSON QUEIROZ,1,1.0,2026-07-08,2026-07-08,23
14d,bairro_fortaleza,GRANJA LISBOA,1,1.0,2026-07-08,2026-07-08,24
14d,municipio,HORIZONTE,1,1.0,2026-07-04,2026-07-04,25
14d,municipio,IBIAPINA,1,1.0,2026-07-08,2026-07-08,26
14d,municipio,IGUATU,1,1.0,2026-07-06,2026-07-06,27
14d,municipio,INDEPENDENCIA,1,1.0,2026-07-10,2026-07-10,28
14d,municipio,IPU,1,1.0,2026-07-10,2026-07-10,29
14d,municipio,IPUEIRAS,1,1.0,2026-07-15,2026-07-15,30
14d,municipio,ITAPAJE,1,1.0,2026-07-08,2026-07-08,31
14d,municipio,JUAZEIRO DO NORTE,1,1.0,2026-07-09,2026-07-09,32
14d,municipio,MARTINOPOLE,1,1.0,2026-07-06,2026-07-06,33
14d,bairro_fortaleza,MEIRELES,1,1.0,2026-07-03,2026-07-03,34
14d,bairro_fortaleza,MESSEJANA,1,1.0,2026-07-16,2026-07-16,35
14d,municipio,MIRAIMA,1,1.0,2026-07-16,2026-07-16,36
14d,municipio,MISSAO VELHA,1,1.0,2026-07-08,2026-07-08,37
14d,municipio,PIQUET CARNEIRO,1,1.0,2026-07-04,2026-07-04,38
14d,municipio,QUIXELO,1,1.0,2026-07-12,2026-07-12,39
14d,municipio,RERIUTABA,1,1.0,2026-07-09,2026-07-09,40
14d,municipio,SOBRAL,1,1.0,2026-07-08,2026-07-08,41
14d,municipio,VICOSA DO CEARA,1,1.0,2026-07-11,2026-07-11,42
30d,municipio,JUAZEIRO DO NORTE,5,5.0,2026-06-23,2026-07-09,1
30d,municipio,BOA VIAGEM,4,4.0,2026-06-26,2026-07-14,2
30d,municipio,ITAPIPOCA,4,4.0,2026-06-24,2026-06-29,3
30d,municipio,MARACANAU,4,4.0,2026-07-04,2026-07-11,4
30d,municipio,ACOPIARA,3,3.0,2026-06-17,2026-07-14,5
30d,municipio,CAUCAIA,3,3.0,2026-06-21,2026-07-09,6
30d,municipio,IBIAPINA,3,3.0,2026-06-22,2026-07-08,7
30d,municipio,QUIXELO,3,3.0,2026-07-01,2026-07-12,8
30d,municipio,CRATO,2,2.0,2026-06-24,2026-07-15,9
30d,bairro_fortaleza,FLORESTA,2,2.0,2026-06-23,2026-06-28,10
30d,bairro_fortaleza,GRANJA LISBOA,2,2.0,2026-06-19,2026-07-08,11
30d,municipio,IGUATU,2,2.0,2026-06-22,2026-07-06,12
30d,municipio,IPAUMIRIM,2,2.0,2026-07-14,2026-07-14,13
30d,municipio,ITAPAJE,2,2.0,2026-06-24,2026-07-08,14
30d,bairro_fortaleza,JOSE DE ALENCAR,2,2.0,2026-07-05,2026-07-13,15
30d,municipio,LIMOEIRO DO NORTE,2,2.0,2026-07-08,2026-07-11,16
30d,bairro_fortaleza,MESSEJANA,2,2.0,2026-06-18,2026-07-16,17
30d,municipio,PARAMBU,2,2.0,2026-07-04,2026-07-04,18
30d,municipio,SOBRAL,2,2.0,2026-06-25,2026-07-08,19
30d,municipio,TAUA,2,2.0,2026-07-05,2026-07-05,20
30d,municipio,TRAIRI,2,2.0,2026-06-17,2026-06-22,21
30d,municipio,UMIRIM,2,2.0,2026-07-06,2026-07-06,22
30d,municipio,VICOSA DO CEARA,2,2.0,2026-06-25,2026-07-11,23
30d,municipio,ACARAU,1,1.0,2026-07-03,2026-07-03,24
30d,municipio,ALTO SANTO,1,1.0,2026-07-11,2026-07-11,25
30d,municipio,AMONTADA,1,1.0,2026-07-12,2026-07-12,26
30d,bairro_fortaleza,ANCURI,1,1.0,2026-06-25,2026-06-25,27
30d,municipio,ARACOIABA,1,1.0,2026-06-25,2026-06-25,28
30d,municipio,ARNEIROZ,1,1.0,2026-07-03,2026-07-03,29
30d,municipio,BARBALHA,1,1.0,2026-07-08,2026-07-08,30
30d,municipio,BATURITE,1,1.0,2026-07-16,2026-07-16,31
30d,bairro_fortaleza,CAJAZEIRAS,1,1.0,2026-06-24,2026-06-24,32
30d,municipio,CANINDE,1,1.0,2026-07-05,2026-07-05,33
30d,municipio,CARIRE,1,1.0,2026-07-06,2026-07-06,34
30d,municipio,CASCAVEL,1,1.0,2026-06-27,2026-06-27,35
30d,bairro_fortaleza,CIRSTO REDENTOR,1,1.0,2026-07-14,2026-07-14,36
30d,bairro_fortaleza,CONJUNTO CEARA I,1,1.0,2026-06-23,2026-06-23,37
30d,bairro_fortaleza,CONJUNTO PALMEIRAS,1,1.0,2026-07-07,2026-07-07,38
30d,municipio,CRATEUS,1,1.0,2026-07-05,2026-07-05,39
30d,municipio,DEPUTADO IRAPUAN PINHEIRO,1,1.0,2026-07-01,2026-07-01,40
30d,bairro_fortaleza,EDSON QUEIROZ,1,1.0,2026-07-08,2026-07-08,41
30d,municipio,FARIAS BRITO,1,1.0,2026-06-20,2026-06-20,42
30d,municipio,HORIZONTE,1,1.0,2026-07-04,2026-07-04,43
30d,municipio,INDEPENDENCIA,1,1.0,2026-07-10,2026-07-10,44
30d,municipio,IPU,1,1.0,2026-07-10,2026-07-10,45
30d,municipio,IPUEIRAS,1,1.0,2026-07-15,2026-07-15,46
30d,municipio,IRAUCUBA,1,1.0,2026-06-20,2026-06-20,47
30d,municipio,ITAITINGA,1,1.0,2026-06-23,2026-06-23,48
30d,municipio,JAGUARIBARA,1,1.0,2026-06-28,2026-06-28,49
30d,bairro_fortaleza,JOAO XXIII,1,1.0,2026-06-22,2026-06-22,50
30d,municipio,MARTINOPOLE,1,1.0,2026-07-06,2026-07-06,51
30d,bairro_fortaleza,MEIRELES,1,1.0,2026-07-03,2026-07-03,52
30d,municipio,MIRAIMA,1,1.0,2026-07-16,2026-07-16,53
30d,municipio,MISSAO VELHA,1,1.0,2026-07-08,2026-07-08,54
30d,municipio,MOMBACA,1,1.0,2026-06-22,2026-06-22,55
30d,municipio,MORADA NOVA,1,1.0,2026-06-30,2026-06-30,56
30d,municipio,PACAJUS,1,1.0,2026-06-29,2026-06-29,57
30d,bairro_fortaleza,PASSARE,1,1.0,2026-06-24,2026-06-24,58
30d,municipio,PIQUET CARNEIRO,1,1.0,2026-07-04,2026-07-04,59
30d,municipio,QUIXERE,1,1.0,2026-06-20,2026-06-20,60
30d,municipio,REDENCAO,1,1.0,2026-06-17,2026-06-17,61
30d,municipio,RERIUTABA,1,1.0,2026-07-09,2026-07-09,62
30d,municipio,RUSSAS,1,1.0,2026-06-29,2026-06-29,63
30d,municipio,SAO BENEDITO,1,1.0,2026-06-22,2026-06-22,64
30d,municipio,TIANGUA,1,1.0,2026-06-18,2026-06-18,65
30d,municipio,TURURU,1,1.0,2026-06-17,2026-06-17,66
30d,municipio,VARJOTA,1,1.0,2026-07-01,2026-07-01,67
all,municipio,CAUCAIA,933,933.0,2022-01-03,2026-07-09,1
all,municipio,MARACANAU,661,662.0,2022-01-04,2026-07-11,2
all,municipio,SOBRAL,388,388.0,2022-01-08,2026-07-08,3
all,municipio,JUAZEIRO DO NORTE,324,324.0,2022-01-01,2026-07-09,4
all,municipio,MARANGUAPE,293,293.0,2022-01-01,2026-01-28,5
all,municipio,ITAPIPOCA,199,199.0,2022-03-16,2026-06-29,6
all,municipio,PACATUBA,195,197.0,2022-01-01,2026-05-19,7
all,municipio,CRATO,183,183.0,2022-01-22,2026-07-15,8
all,municipio,CASCAVEL,174,174.0,2022-01-15,2026-06-27,9
all,municipio,AQUIRAZ,157,158.0,2022-01-23,2026-01-25,10
all,bairro_fortaleza,JANGURURSSU,157,157.0,2022-01-01,2026-06-12,11
all,municipio,TRAIRI,152,152.0,2022-01-22,2026-06-22,12
all,municipio,MORADA NOVA,151,151.0,2022-01-11,2026-06-30,13
all,municipio,HORIZONTE,148,148.0,2022-01-05,2026-07-04,14
all,municipio,QUIXADA,147,147.0,2022-01-02,2026-06-14,15
all,municipio,AMONTADA,142,143.0,2022-01-08,2026-07-12,16
all,municipio,PACAJUS,137,137.0,2022-01-02,2026-06-29,17
all,bairro_fortaleza,BARRA DO CEARA,135,135.0,2022-01-18,2026-06-06,18
all,municipio,TIANGUA,128,128.0,2022-01-09,2026-06-18,19
all,municipio,SAO GONCALO DO AMARANTE,127,127.0,2022-01-10,2026-06-06,20
all,municipio,ITAREMA,126,126.0,2022-01-04,2026-02-04,21
all,municipio,BOA VIAGEM,122,122.0,2022-01-01,2026-07-14,22
all,bairro_fortaleza,MESSEJANA,118,118.0,2022-01-17,2026-07-16,23
all,municipio,RUSSAS,113,113.0,2022-01-02,2026-06-29,24
all,bairro_fortaleza,GRANJA LISBOA,112,112.0,2022-01-01,2026-07-08,25
all,bairro_fortaleza,PREFEITO JOSE WALTER,103,103.0,2022-01-13,2026-06-10,26
all,municipio,LIMOEIRO DO NORTE,102,102.0,2022-01-07,2026-07-11,27
all,municipio,CANINDE,101,101.0,2022-01-27,2026-07-05,28
all,municipio,ITAPAJE,99,100.0,2022-01-03,2026-07-08,29
all,municipio,ARACATI,96,96.0,2022-01-04,2026-04-28,30
all,bairro_fortaleza,PLANALTO AYRTON SENNA,95,95.0,2022-01-10,2026-06-14,31
all,municipio,IGUATU,94,94.0,2022-01-11,2026-07-06,32
all,bairro_fortaleza,MONDUBIM,92,92.0,2022-01-03,2026-03-25,33
all,municipio,FORQUILHA,90,90.0,2022-01-11,2026-06-09,34
all,municipio,SAO BENEDITO,90,90.0,2022-03-13,2026-06-22,35
all,municipio,ITAITINGA,84,84.0,2022-01-28,2026-06-23,36
all,municipio,PARACURU,81,81.0,2022-03-01,2026-06-09,37
all,bairro_fortaleza,SIQUEIRA,78,78.0,2022-01-14,2026-05-03,38
all,municipio,CAMOCIM,77,77.0,2022-01-13,2026-04-14,39
all,municipio,EUSEBIO,77,77.0,2022-02-10,2026-06-11,40
all,municipio,PENTECOSTE,77,77.0,2022-01-01,2025-12-07,41
all,municipio,BARBALHA,72,72.0,2022-04-17,2026-07-08,42
all,bairro_fortaleza,BARROSO,72,72.0,2022-01-02,2026-04-07,43
all,municipio,BEBERIBE,72,72.0,2022-01-13,2026-03-16,44
all,municipio,CRATEUS,71,71.0,2022-02-16,2026-07-05,45
all,municipio,GUAIUBA,68,69.0,2022-02-06,2026-05-19,46
all,bairro_fortaleza,QUINTINO CUNHA,67,67.0,2022-01-08,2026-02-17,47
all,bairro_fortaleza,PASSARE,66,66.0,2022-01-09,2026-06-24,48
all,bairro_fortaleza,CIRSTO REDENTOR,59,59.0,2022-01-01,2026-07-14,49
all,municipio,TAUA,59,59.0,2022-02-13,2026-07-05,50
all,bairro_fortaleza,VICENTE PINZON,58,58.0,2022-03-25,2026-06-14,51
all,bairro_fortaleza,GRANJA PORTUGAL,57,57.0,2022-01-30,2026-03-13,52
all,municipio,PEDRA BRANCA,57,57.0,2022-01-10,2026-06-04,53
all,municipio,VARJOTA,57,57.0,2022-01-01,2026-07-01,54
all,bairro_fortaleza,LAGOA REDONDA,56,56.0,2022-01-31,2026-06-15,55
all,municipio,CARIRE,54,54.0,2022-08-01,2026-07-06,56
all,bairro_fortaleza,PICI,54,54.0,2022-01-08,2025-12-20,57
all,municipio,ACOPIARA,50,50.0,2022-04-30,2026-07-14,58
all,bairro_fortaleza,BOM JARDIM,50,50.0,2022-02-11,2026-02-01,59
all,bairro_fortaleza,JARDIM DAS OLIVEIRAS,50,50.0,2022-02-04,2025-12-05,60
all,municipio,BATURITE,49,49.0,2022-01-14,2026-07-16,61
all,municipio,PARAIPABA,49,49.0,2022-02-07,2026-06-07,62
all,municipio,GROAIRAS,48,50.0,2022-01-01,2026-05-20,63
all,bairro_fortaleza,BONSUCESSO,48,48.0,2022-02-08,2026-05-20,64
all,bairro_fortaleza,CARLITO PAMPLONA,48,48.0,2022-01-15,2026-02-28,65
all,bairro_fortaleza,CONJUNTO PALMEIRAS,48,48.0,2022-01-01,2026-07-07,66
all,municipio,TABULEIRO DO NORTE,47,47.0,2022-03-26,2026-05-10,67
all,municipio,UBAJARA,47,47.0,2022-02-12,2026-04-18,68
all,bairro_fortaleza,JOSE DE ALENCAR,46,47.0,2022-01-02,2026-07-13,69
all,municipio,ACARAU,46,46.0,2022-02-06,2026-07-03,70
all,bairro_fortaleza,CANINDEZINHO,45,45.0,2022-03-02,2026-06-11,71
all,municipio,ITAPIUNA,45,45.0,2022-04-17,2026-06-10,72
all,municipio,VICOSA DO CEARA,45,45.0,2022-02-27,2026-07-11,73
all,bairro_fortaleza,EDSON QUEIROZ,44,44.0,2022-01-08,2026-07-08,74
all,bairro_fortaleza,MANOEL SATIRO,43,43.0,2022-02-02,2025-12-21,75
all,bairro_fortaleza,PRAIA DO FURUTO II,43,43.0,2022-01-12,2026-05-28,76
all,bairro_fortaleza,VILA VELHA,43,43.0,2022-01-21,2026-01-10,77
all,municipio,JIJOCA DE JERICOACOARA,42,42.0,2022-02-06,2026-03-30,78
all,municipio,ALTO SANTO,40,40.0,2022-01-15,2026-07-11,79
all,bairro_fortaleza,ANTONIO BEZERRA,40,40.0,2022-01-06,2026-02-19,80
all,bairro_fortaleza,CENTRO,40,40.0,2022-01-11,2026-06-15,81
all,bairro_fortaleza,PAUPINA,40,40.0,2022-01-19,2026-01-03,82
all,municipio,TEJUCUOCA,40,40.0,2022-02-22,2026-02-24,83
all,municipio,ICO,37,37.0,2022-02-05,2026-01-30,84
all,municipio,MISSAO VELHA,37,37.0,2022-01-01,2026-07-08,85
all,municipio,QUIXERE,37,37.0,2022-01-06,2026-06-20,86
all,bairro_fortaleza,CAJAZEIRAS,36,36.0,2022-02-21,2026-06-24,87
all,municipio,INDEPENDENCIA,36,36.0,2022-01-10,2026-07-10,88
all,municipio,IRAUCUBA,36,36.0,2022-01-17,2026-06-20,89
all,municipio,JAGUARETAMA,36,36.0,2022-02-06,2025-09-17,90
all,municipio,PINDORETAMA,36,36.0,2022-01-26,2026-06-11,91
all,municipio,ARACOIABA,35,36.0,2022-01-23,2026-06-25,92
all,municipio,ARATUBA,35,35.0,2022-03-21,2025-12-15,93
all,municipio,CHOROZINHO,35,35.0,2022-01-11,2026-02-28,94
all,municipio,IBICUITINGA,35,35.0,2022-01-31,2025-11-17,95
all,municipio,MIRAIMA,35,35.0,2022-01-19,2026-07-16,96
all,bairro_fortaleza,SAPIRANGA COITE,35,35.0,2022-01-06,2026-06-01,97
all,municipio,SENADOR POMPEU,35,35.0,2022-01-01,2026-06-08,98
all,municipio,CEDRO,34,34.0,2022-02-28,2026-04-02,99
all,bairro_fortaleza,PARQUE DOIS IRMAOS,33,33.0,2022-01-15,2026-05-28,100
all,municipio,SOLONOPOLE,33,33.0,2022-01-04,2026-06-10,101
all,bairro_fortaleza,ANCURI,32,32.0,2022-02-05,2026-06-25,102
all,municipio,ICAPUI,32,32.0,2022-01-24,2026-05-27,103
all,municipio,JAGUARIBE,32,32.0,2022-01-07,2026-01-11,104
all,bairro_fortaleza,PIRAMBU,32,32.0,2022-01-01,2025-09-04,105
all,municipio,CRUZ,31,31.0,2022-01-24,2026-02-16,106
all,bairro_fortaleza,JACARECANGA,31,31.0,2022-02-21,2026-02-26,107
all,municipio,BREJO SANTO,30,30.0,2022-01-27,2026-05-16,108
all,bairro_fortaleza,VILA PERY,30,30.0,2022-02-15,2025-10-23,109
all,municipio,CAMPOS SALES,29,29.0,2022-01-05,2026-05-15,110
all,municipio,GRANJA,29,29.0,2022-01-28,2026-05-30,111
all,municipio,MAURITI,29,29.0,2022-02-19,2026-06-08,112
all,municipio,QUIXERAMOBIM,29,29.0,2022-01-01,2026-06-07,113
all,bairro_fortaleza,ALVARO WEYNE,28,28.0,2022-04-18,2026-06-06,114
all,municipio,CAPISTRANO,28,28.0,2022-01-21,2026-01-26,115
all,bairro_fortaleza,FLORESTA,28,28.0,2022-01-01,2026-06-28,116
all,municipio,ITATIRA,28,28.0,2022-03-15,2026-04-28,117
all,municipio,MADALENA,28,28.0,2022-02-10,2026-06-01,118
all,municipio,NOVO ORIENTE,28,28.0,2022-01-19,2026-06-05,119
all,bairro_fortaleza,GENIBAU,27,27.0,2022-02-22,2025-11-14,120
all,municipio,NOVA OLINDA,27,27.0,2022-01-30,2026-06-16,121
all,bairro_fortaleza,PAPICU,27,27.0,2022-02-27,2026-03-26,122
all,municipio,TURURU,27,27.0,2022-01-30,2026-06-17,123
all,bairro_fortaleza,CURIO,26,26.0,2022-01-20,2026-05-05,124
all,municipio,FRECHEIRINHA,26,26.0,2022-01-26,2026-05-07,125
all,municipio,GRACA,26,26.0,2022-07-03,2026-06-08,126
all,bairro_fortaleza,PEDRAS,26,26.0,2022-02-15,2026-02-16,127
all,municipio,SAO LUIS DO CURU,26,26.0,2022-02-01,2026-03-19,128
all,municipio,URUBURETAMA,26,26.0,2022-01-03,2026-04-08,129
all,municipio,ASSARE,25,25.0,2022-03-05,2026-01-25,130
all,municipio,CARIDADE,25,25.0,2022-01-23,2026-01-13,131
all,municipio,CHAVAL,25,25.0,2022-04-16,2026-04-11,132
all,municipio,COREAU,25,25.0,2022-01-27,2026-03-22,133
all,municipio,JAGUARIBARA,25,25.0,2022-01-11,2026-06-28,134
all,municipio,PARAMBU,25,25.0,2022-08-13,2026-07-04,135
all,municipio,TAMBORIL,25,25.0,2022-02-25,2026-03-25,136
all,municipio,UMIRIM,25,25.0,2022-01-09,2026-07-06,137
all,municipio,CHORO,24,24.0,2022-04-16,2025-12-30,138
all,bairro_fortaleza,CIDADE DOS FUNCIONARIOS,24,24.0,2022-02-13,2025-04-25,139
all,municipio,IBARETAMA,24,24.0,2022-08-07,2026-05-16,140
all,municipio,SANTA QUITERIA,24,24.0,2022-02-18,2026-06-16,141
all,bairro_fortaleza,AEROLANDIA,23,23.0,2022-02-21,2026-01-12,142
all,bairro_fortaleza,CAIS DO PORTO,23,23.0,2022-01-10,2025-11-03,143
all,municipio,IRACEMA,23,23.0,2022-01-08,2026-03-16,144
all,municipio,SAO JOAO DO JAGUARIBE,23,23.0,2022-01-08,2025-07-05,145
all,bairro_fortaleza,SERRINHA,23,23.0,2022-01-10,2025-09-19,146
all,municipio,BANABUIU,22,22.0,2022-04-06,2025-11-22,147
all,bairro_fortaleza,BOA VISTA,22,22.0,2022-02-04,2026-04-02,148
all,municipio,MASSAPE,22,22.0,2022-01-11,2026-01-06,149
all,municipio,MOMBACA,22,22.0,2022-02-22,2026-06-22,150
all,municipio,MONSENHOR TABOSA,22,22.0,2022-01-30,2026-05-07,151
all,bairro_fortaleza,PADRE ANDRADE,22,22.0,2022-03-25,2025-12-03,152
all,bairro_fortaleza,PARQUE SAO JOSE,22,22.0,2022-03-03,2025-09-25,153
all,municipio,APUIARES,21,21.0,2022-01-27,2026-05-06,154
all,municipio,BARREIRA,21,21.0,2022-01-18,2026-05-18,155
all,municipio,OROS,20,21.0,2022-08-17,2026-03-18,156
all,municipio,BELA CRUZ,20,20.0,2022-01-03,2026-04-05,157
all,municipio,IBIAPINA,20,20.0,2022-01-20,2026-07-08,158
all,bairro_fortaleza,JARDIM IRACEMA,20,20.0,2022-02-04,2025-07-08,159
all,municipio,JUCAS,20,20.0,2022-01-01,2026-05-12,160
all,municipio,MARCO,20,20.0,2022-03-04,2026-04-13,161
all,municipio,MULUNGU,20,20.0,2022-01-02,2025-07-07,162
all,municipio,PARAMOTI,20,20.0,2022-05-21,2025-11-25,163
all,bairro_fortaleza,PRESIDENTE KENNEDY,20,20.0,2022-02-17,2025-07-24,164
all,municipio,SALITRE,19,19.0,2022-06-16,2026-05-04,165
all,municipio,ACARAPE,18,18.0,2022-05-09,2026-02-07,166
all,bairro_fortaleza,HENRIQUE JORGE,18,18.0,2022-01-28,2025-08-15,167
all,bairro_fortaleza,GUAJERU,17,17.0,2022-03-23,2026-03-02,168
all,municipio,JAGUARUANA,17,17.0,2022-01-02,2026-04-04,169
all,municipio,REDENCAO,17,17.0,2022-01-22,2026-06-17,170
all,municipio,SANTANA DO ACARAU,17,17.0,2022-01-06,2026-04-05,171
all,bairro_fortaleza,SAO BENTO,17,17.0,2022-02-20,2026-01-10,172
all,municipio,BARROQUINHA,16,16.0,2022-04-28,2025-10-02,173
all,municipio,CARNAUBAL,16,16.0,2022-07-11,2026-05-15,174
all,municipio,FORTIM,16,16.0,2022-06-15,2026-06-14,175
all,municipio,GENERAL SAMPAIO,16,16.0,2022-01-09,2025-07-11,176
all,municipio,NOVA RUSSAS,16,16.0,2022-07-03,2026-01-22,177
all,municipio,SABOEIRO,16,16.0,2022-06-18,2026-04-18,178
all,bairro_fortaleza,SAO JOAO DO TAUAPE,16,16.0,2022-02-18,2025-11-03,179
all,municipio,VARZEA ALEGRE,16,16.0,2022-09-03,2026-05-11,180
all,municipio,CARIRIACU,15,15.0,2022-11-24,2026-04-17,181
all,municipio,FARIAS BRITO,15,15.0,2022-06-03,2026-06-20,182
all,municipio,IPU,15,15.0,2023-12-10,2026-07-10,183
all,municipio,MILAGRES,15,15.0,2022-08-16,2026-01-19,184
all,bairro_fortaleza,PARANGABA,15,15.0,2022-03-20,2025-09-15,185
all,municipio,PORANGA,15,15.0,2022-06-17,2026-06-10,186
all,bairro_fortaleza,SABIAGUABA,15,15.0,2022-03-30,2026-04-24,187
all,bairro_fortaleza,AEROPORTO,14,14.0,2022-02-11,2025-10-07,188
all,bairro_fortaleza,CONJUNTO ESPERANCA,14,14.0,2022-06-04,2025-12-22,189
all,municipio,ITAICABA,14,14.0,2022-03-19,2025-09-05,190
all,bairro_fortaleza,MANUEL DIAS BRANCO,14,14.0,2022-01-22,2025-12-26,191
all,bairro_fortaleza,MARAPONGA,14,14.0,2022-01-24,2025-06-28,192
all,municipio,OCARA,14,14.0,2022-02-11,2025-03-16,193
all,municipio,QUIXELO,14,14.0,2022-02-23,2026-07-12,194
all,municipio,RERIUTABA,14,14.0,2022-01-01,2026-07-09,195
all,bairro_fortaleza,ALDEOTA,13,13.0,2022-02-05,2026-01-06,196
all,municipio,CARIUS,13,13.0,2022-04-12,2026-02-06,197
all,bairro_fortaleza,CONJUNTO CEARA II,13,13.0,2022-02-17,2025-05-01,198
all,bairro_fortaleza,DOM LUSTOSA,13,13.0,2022-10-23,2026-03-24,199
all,municipio,MUCAMBO,13,13.0,2022-07-10,2025-09-29,200
all,bairro_fortaleza,AUTRAN NUNES,12,12.0,2022-04-12,2024-12-11,201
all,municipio,BARRO,12,12.0,2022-05-12,2026-04-22,202
all,bairro_fortaleza,COACU,12,12.0,2022-05-14,2025-11-18,203
all,bairro_fortaleza,CONJUNTO CEARA I,12,12.0,2022-06-29,2026-06-23,204
all,municipio,DEPUTADO IRAPUAN PINHEIRO,12,12.0,2022-07-12,2026-07-01,205
all,bairro_fortaleza,FATIMA,12,12.0,2022-12-12,2025-05-15,206
all,municipio,GUARACIABA DO NORTE,12,12.0,2022-03-24,2026-02-09,207
all,bairro_fortaleza,JOQUEI CLUBE,12,12.0,2022-07-31,2025-08-29,208
all,municipio,MORRINHOS,12,12.0,2022-12-31,2026-05-29,209
all,bairro_fortaleza,PARQUE PRESIDENTE VARGAS,12,12.0,2022-12-30,2025-12-02,210
all,municipio,PEREIRO,12,12.0,2022-06-30,2025-10-05,211
all,municipio,PIQUET CARNEIRO,12,12.0,2022-04-10,2026-07-04,212
all,municipio,QUITERIANOPOLIS,12,12.0,2022-04-04,2026-05-11,213
all,municipio,URUOCA,12,12.0,2022-02-19,2026-05-16,214
all,bairro_fortaleza,ALTO DA BALANCA,11,11.0,2022-02-18,2024-12-25,215
all,bairro_fortaleza,ENGENHEIRO LUCIANO CAVALCANTE,11,11.0,2023-01-02,2026-05-11,216
all,bairro_fortaleza,FARIAS BRITO,11,11.0,2022-02-17,2026-03-22,217
all,bairro_fortaleza,ITAPERI,11,11.0,2022-02-15,2026-04-19,218
all,bairro_fortaleza,JOAO XXIII,11,11.0,2022-01-10,2026-06-22,219
all,municipio,MILHA,11,11.0,2022-01-12,2026-02-11,220
all,municipio,PALMACIA,11,11.0,2022-01-19,2025-10-13,221
all,bairro_fortaleza,PARQUE IRACEMA,11,11.0,2022-10-20,2025-09-25,222
all,municipio,ARARIPE,10,10.0,2022-01-10,2026-05-17,223
all,municipio,AURORA,10,10.0,2022-02-13,2026-03-13,224
all,bairro_fortaleza,CAMBEBA,10,10.0,2022-01-17,2026-04-27,225
all,bairro_fortaleza,CASTELAO,10,10.0,2023-03-12,2025-10-20,226
all,municipio,CATARINA,10,10.0,2022-06-23,2026-04-28,227
all,municipio,CROATA,10,10.0,2022-01-18,2026-05-30,228
all,municipio,IPAPORANGA,10,10.0,2022-03-02,2026-02-07,229
all,bairro_fortaleza,JOAQUIM TAVORA,10,10.0,2022-05-22,2025-04-08,230
all,municipio,MARTINOPOLE,10,10.0,2022-03-04,2026-07-06,231
all,bairro_fortaleza,MOURA BRASIL,10,10.0,2022-01-06,2025-07-23,232
all,municipio,ALTANEIRA,9,9.0,2022-06-29,2026-04-17,233
all,bairro_fortaleza,DIAS MACEDO,9,9.0,2022-06-30,2025-02-18,234
all,municipio,IPUEIRAS,9,9.0,2022-02-19,2026-07-15,235
all,bairro_fortaleza,JOSE BONIFACIO,9,9.0,2022-03-12,2025-09-27,236
all,municipio,LAVRAS DA MANGABEIRA,9,9.0,2022-01-30,2026-03-25,237
all,bairro_fortaleza,DEMOCRITO ROCHA,8,8.0,2022-10-23,2026-04-26,238
all,bairro_fortaleza,ITAOCA,8,8.0,2022-01-26,2025-08-14,239
all,bairro_fortaleza,JARDIM GUANABARA,8,8.0,2022-09-13,2025-08-26,240
all,bairro_fortaleza,MEIRELES,8,8.0,2022-10-28,2026-07-03,241
all,bairro_fortaleza,MONTESE,8,8.0,2022-01-20,2024-04-16,242
all,municipio,PACOTI,8,8.0,2022-10-07,2025-03-06,243
all,bairro_fortaleza,PARQUE SANTA ROSA,8,8.0,2022-04-01,2025-10-19,244
all,municipio,PORTEIRAS,8,8.0,2022-03-27,2026-05-21,245
all,bairro_fortaleza,PRAIA DE IRACEMA,8,8.0,2022-01-16,2026-06-06,246
all,bairro_fortaleza,PRAIA DO FUTURO I,8,8.0,2022-05-04,2025-05-25,247
all,bairro_fortaleza,VILA UNIAO,8,8.0,2022-02-27,2025-05-29,248
all,municipio,AIUABA,7,7.0,2022-01-01,2026-05-10,249
all,bairro_fortaleza,AMADEU FURTADO,7,7.0,2023-03-25,2025-10-19,250
all,bairro_fortaleza,BELA VISTA,7,7.0,2022-02-04,2024-02-05,251
all,bairro_fortaleza,BENFICA,7,7.0,2022-04-17,2026-02-08,252
all,bairro_fortaleza,COUTO FERNANDES,7,7.0,2023-04-14,2026-04-17,253
all,bairro_fortaleza,DENDE,7,7.0,2022-03-05,2023-02-19,254
all,municipio,JARDIM,7,7.0,2022-04-15,2025-07-10,255
all,municipio,ABAIARA,6,6.0,2022-07-25,2026-03-22,256
all,municipio,CATUNDA,6,6.0,2022-02-07,2025-12-03,257
all,bairro_fortaleza,JARDIM AMERICA,6,6.0,2022-04-17,2024-07-14,258
all,bairro_fortaleza,MUCURIPE,6,6.0,2022-12-15,2025-06-30,259
all,bairro_fortaleza,PARQUE MANIBURA,6,6.0,2022-05-12,2025-08-22,260
all,municipio,PENAFORTE,6,6.0,2023-03-18,2024-08-01,261
all,municipio,POTENGI,6,6.0,2022-09-06,2026-05-14,262
all,municipio,POTIRETAMA,6,6.0,2022-04-18,2025-04-20,263
all,municipio,SENADOR SA,6,6.0,2022-06-19,2026-02-14,264
all,bairro_fortaleza,VARJOTA,6,6.0,2022-05-29,2024-09-07,265
all,municipio,ARARENDA,5,5.0,2022-02-20,2025-08-05,266
all,bairro_fortaleza,CIDADE 2000,5,5.0,2022-08-14,2025-12-10,267
all,bairro_fortaleza,COCO,5,5.0,2024-04-23,2025-11-16,268
all,municipio,MERUOCA,5,5.0,2022-06-18,2025-11-04,269
all,municipio,PALHANO,5,5.0,2022-04-10,2024-05-18,270
all,bairro_fortaleza,PARREAO,5,5.0,2022-02-12,2025-06-26,271
all,bairro_fortaleza,RODOLFO TEOFILO,5,5.0,2022-03-25,2024-10-16,272
all,municipio,TARRAFAS,5,5.0,2022-04-13,2026-02-05,273
all,municipio,ALCANTARAS,4,4.0,2022-10-23,2026-02-27,274
all,municipio,ANTONINA DO NORTE,4,4.0,2024-03-15,2024-09-21,275
all,municipio,HIDROLANDIA,4,4.0,2022-05-20,2026-06-01,276
all,municipio,IPAUMIRIM,4,4.0,2022-04-30,2026-07-14,277
all,municipio,JATI,4,4.0,2022-09-13,2025-10-10,278
all,bairro_fortaleza,PARQUELANDIA,4,4.0,2023-05-06,2025-12-01,279
all,municipio,ARNEIROZ,3,3.0,2022-12-18,2026-07-03,280
all,bairro_fortaleza,DAMAS,3,3.0,2022-02-24,2024-07-22,281
all,municipio,GUARAMIRANGA,3,3.0,2023-03-28,2024-04-14,282
all,bairro_fortaleza,JARDIM CEARENSE,3,3.0,2022-09-03,2025-07-09,283
all,municipio,MORAUJO,3,3.0,2022-12-04,2026-06-12,284
all,bairro_fortaleza,PANAMERICANO,3,3.0,2022-01-18,2022-10-18,285
all,municipio,PIRES FERREIRA,3,3.0,2023-10-17,2025-11-03,286
all,bairro_fortaleza,SALINAS,3,3.0,2025-02-16,2025-03-22,287
all,municipio,SANTANA DO CARIRI,3,3.0,2023-01-13,2026-04-12,288
all,bairro_fortaleza,SAO GERARDO,3,3.0,2023-06-12,2025-05-02,289
all,bairro_fortaleza,BOM FUTURO,2,2.0,2022-03-05,2023-10-19,290
all,bairro_fortaleza,GENTILANDIA,2,2.0,2023-07-28,2026-04-02,291
all,bairro_fortaleza,MONTE CASTELO,2,2.0,2022-12-09,2023-05-05,292
all,municipio,PACUJA,2,2.0,2023-02-12,2025-11-02,293
all,bairro_fortaleza,PARQUE ARAXA,2,2.0,2023-06-09,2024-11-15,294
all,municipio,UMARI,2,2.0,2022-03-20,2023-04-07,295
all,bairro_fortaleza,VILA ELLERY,2,2.0,2022-07-18,2023-11-08,296
all,bairro_fortaleza,CRISTO REDENTOR,1,1.0,2023-10-16,2023-10-16,297
all,bairro_fortaleza,DIONISIO TORRES,1,1.0,2023-07-20,2023-07-20,298
all,municipio,ERERE,1,1.0,2023-07-12,2023-07-12,299
