Rank,Bairro,Score_Final,Score_LGBM,Score_EWMA,feat_cvp_cvli_ratio,fi_cvp_cvli_ratio,feat_cvp_ewma_14d,fi_cvp_ewma_14d,feat_cvp_ewma_30d,fi_cvp_ewma_30d,feat_cvp_ewma_7d,fi_cvp_ewma_7d,feat_hist_pct,fi_hist_pct,feat_intel_ewma_14d,fi_intel_ewma_14d,feat_intel_ewma_7d,fi_intel_ewma_7d,feat_inter_intel_cvli,fi_inter_intel_cvli,feat_nbr_cvli_30d,fi_nbr_cvli_30d,feat_target_enc,fi_target_enc
1,ANCURI,0.9637,1.0,0.9274,4.306,18.8,0.8632,6.5,0.6276,10.5,0.9538,5.2,0.5897,6.9,0.0002,10.8,0.0,8.8,0.0,8.5,2.0,8.3,0.0323,15.7
2,BARROSO,0.91,0.8199,1.0,3.9135,18.8,0.1924,6.5,0.182,10.5,0.1813,5.2,0.9487,6.9,0.517,10.8,0.0986,8.8,0.0117,8.5,4.0,8.3,0.0659,15.7
3,MESSEJANA,0.4529,0.8576,0.0483,6.669,18.8,0.0214,6.5,0.1109,10.5,0.0009,5.2,0.8462,6.9,0.1601,10.8,0.077,8.8,0.0001,8.5,6.0,8.3,0.0515,15.7
4,ANTONIO BEZERRA,0.4466,0.8223,0.0708,9.1335,18.8,0.1206,6.5,0.1249,10.5,0.0854,5.2,0.3846,6.9,0.2553,10.8,0.1326,8.8,0.0013,8.5,0.0,8.3,0.0251,15.7
5,VICENTE PINZON,0.4199,0.7928,0.0469,1.9866,18.8,0.0034,6.5,0.0183,10.5,0.0001,5.2,0.8718,6.9,0.4812,10.8,0.4802,8.8,0.0006,8.5,0.0,8.3,0.0551,15.7
6,CRISTO REDENTOR,0.3998,0.7815,0.018,1.3815,18.8,0.0051,6.5,0.0183,10.5,0.0007,5.2,0.8974,6.9,0.1567,10.8,0.009,8.8,0.0,8.5,0.0,8.3,0.0563,15.7
7,JANGURUSSU,0.3834,0.7384,0.0285,4.9284,18.8,0.0066,6.5,0.0375,10.5,0.0004,5.2,0.9231,6.9,1.3779,10.8,1.2879,8.8,0.0004,8.5,6.0,8.3,0.0635,15.7
8,BOM JARDIM,0.383,0.6928,0.0733,10.4304,18.8,0.2705,6.5,0.2503,10.5,0.2713,5.2,0.5385,6.9,0.3352,10.8,0.3915,8.8,0.0035,8.5,0.0,8.3,0.0323,15.7
9,GRANJA PORTUGAL,0.3318,0.6407,0.0229,2.3766,18.8,0.0,6.5,0.0017,10.5,0.0,5.2,0.2308,6.9,0.0852,10.8,0.0068,8.8,0.0,8.5,0.0,8.3,0.0216,15.7
10,SIQUEIRA,0.3105,0.5977,0.0232,7.0602,18.8,0.0047,6.5,0.0286,10.5,0.0003,5.2,0.6154,6.9,0.4486,10.8,0.2742,8.8,0.0001,8.5,0.0,8.3,0.0335,15.7
11,PLANALTO AYRTON SENNA,0.2993,0.5641,0.0345,2.3757,18.8,0.0009,6.5,0.0105,10.5,0.0,5.2,0.9744,6.9,0.0001,10.8,0.0,8.8,0.0,8.5,0.0,8.3,0.0695,15.7
12,PARQUE SANTA MARIA,0.2834,0.5527,0.0141,3.3082,18.8,0.0076,6.5,0.0255,10.5,0.0006,5.2,0.4615,6.9,0.0261,10.8,0.0008,8.8,0.0,8.5,6.0,8.3,0.0263,15.7
13,CANINDEZINHO,0.2832,0.529,0.0373,8.1702,18.8,0.0707,6.5,0.1033,10.5,0.0603,5.2,0.359,6.9,0.8724,10.8,0.8392,8.8,0.0007,8.5,0.0,8.3,0.0251,15.7
14,BARRA DO CEARA,0.2782,0.5273,0.029,2.7727,18.8,0.0016,6.5,0.0209,10.5,0.0,5.2,1.0,6.9,0.0965,10.8,0.0075,8.8,0.0,8.5,0.0,8.3,0.0778,15.7
15,CURIO,0.269,0.4897,0.0482,1.5558,18.8,0.0055,6.5,0.0226,10.5,0.0004,5.2,0.5641,6.9,0.9235,10.8,0.7013,8.8,0.0008,8.5,2.0,8.3,0.0323,15.7
16,VILA VELHA,0.2604,0.4957,0.0251,5.7052,18.8,0.0035,6.5,0.0205,10.5,0.0003,5.2,0.4872,6.9,0.7878,10.8,1.3055,8.8,0.0009,8.5,0.0,8.3,0.0263,15.7
17,PREFEITO JOSE WALTER,0.2585,0.4531,0.0639,8.2399,18.8,0.0053,6.5,0.0389,10.5,0.0002,5.2,0.7436,6.9,0.0,10.8,0.0,8.8,0.0,8.5,2.0,8.3,0.0419,15.7
18,JOSE BONIFACIO,0.2387,0.4741,0.0033,4.4806,18.8,0.0449,6.5,0.1211,10.5,0.0062,5.2,0.0513,6.9,0.0,10.8,0.0,8.8,0.0,8.5,0.0,8.3,0.0156,15.7
19,OLAVO OLIVEIRA,0.2088,0.4175,0.0,1.6629,18.8,0.0,6.5,0.0026,10.5,0.0,5.2,0.0256,6.9,0.0,10.8,0.0,8.8,0.0,8.5,0.0,8.3,0.0144,15.7
20,MONDUBIM,0.1979,0.3453,0.0504,4.6104,18.8,0.0075,6.5,0.0342,10.5,0.0005,5.2,0.7179,6.9,3.0184,10.8,3.7228,8.8,0.0042,8.5,0.0,8.3,0.0395,15.7
21,GRANJA LISBOA,0.194,0.3633,0.0248,2.9763,18.8,0.0052,6.5,0.0206,10.5,0.0004,5.2,0.8205,6.9,0.0372,10.8,0.0163,8.8,0.0,8.5,0.0,8.3,0.0491,15.7
22,PASSARE,0.1903,0.3477,0.0329,5.7014,18.8,0.0127,6.5,0.0521,10.5,0.0009,5.2,0.5128,6.9,0.1033,10.8,0.0717,8.8,0.0002,8.5,2.0,8.3,0.0299,15.7
23,LAGOA REDONDA,0.1896,0.2719,0.1074,0.4226,18.8,0.0014,6.5,0.0066,10.5,0.0,5.2,0.3077,6.9,0.3122,10.8,0.2153,8.8,0.0016,8.5,0.0,8.3,0.024,15.7
24,BONSUCESSO,0.1872,0.3484,0.0259,2.4949,18.8,0.0038,6.5,0.016,10.5,0.0002,5.2,0.1795,6.9,0.0767,10.8,0.004,8.8,0.0,8.5,0.0,8.3,0.0204,15.7
25,JARDIM DAS OLIVEIRAS,0.1701,0.326,0.0143,1.5464,18.8,0.0005,6.5,0.007,10.5,0.0,5.2,0.7692,6.9,0.0041,10.8,0.0003,8.8,0.0,8.5,2.0,8.3,0.0443,15.7
26,EDSON QUEIROZ,0.1686,0.3291,0.008,1.4846,18.8,0.0072,6.5,0.03,10.5,0.0003,5.2,0.3333,6.9,0.0068,10.8,0.0004,8.8,0.0,8.5,0.0,8.3,0.024,15.7
27,CARLITO PAMPLONA,0.1627,0.3143,0.011,1.0304,18.8,0.0018,6.5,0.0113,10.5,0.0,5.2,0.4103,6.9,0.0703,10.8,0.0706,8.8,0.0,8.5,0.0,8.3,0.0263,15.7
28,PARQUE DOIS IRMAOS,0.161,0.313,0.0089,2.7085,18.8,0.0057,6.5,0.0147,10.5,0.001,5.2,0.2821,6.9,0.0,10.8,0.0,8.8,0.0,8.5,2.0,8.3,0.0228,15.7
29,PARQUE SAO JOSE,0.1542,0.2916,0.0167,5.2122,18.8,0.0067,6.5,0.034,10.5,0.0008,5.2,0.7949,6.9,0.0409,10.8,0.0008,8.8,0.0,8.5,0.0,8.3,0.0455,15.7
30,CONJUNTO PALMEIRAS,0.1432,0.278,0.0084,3.8981,18.8,0.0124,6.5,0.0282,10.5,0.002,5.2,0.6667,6.9,0.0078,10.8,0.0014,8.8,0.0,8.5,6.0,8.3,0.0359,15.7
31,NOVO MONDUBIM,0.1349,0.2443,0.0254,3.7218,18.8,0.0006,6.5,0.0115,10.5,0.0,5.2,0.2564,6.9,0.0031,10.8,0.0,8.8,0.0,8.5,0.0,8.3,0.0228,15.7
32,QUINTINO CUNHA,0.1278,0.2228,0.0329,3.7363,18.8,0.0035,6.5,0.0108,10.5,0.0004,5.2,0.641,6.9,0.0317,10.8,0.0022,8.8,0.0,8.5,0.0,8.3,0.0347,15.7
33,PRAIA DO FUTURO II,0.1259,0.2513,0.0005,2.0381,18.8,0.0064,6.5,0.0333,10.5,0.0002,5.2,0.4359,6.9,0.0001,10.8,0.0,8.8,0.0,8.5,0.0,8.3,0.0263,15.7
34,PIRAMBU,0.1197,0.234,0.0054,0.572,18.8,0.0081,6.5,0.02,10.5,0.0009,5.2,0.6923,6.9,0.1058,10.8,0.0834,8.8,0.0,8.5,0.0,8.3,0.0371,15.7
35,MANOEL SATIRO,0.0879,0.1638,0.0121,0.0,18.8,0.0028,6.5,0.0125,10.5,0.0002,5.2,0.0,6.9,0.0,10.8,0.0,8.8,0.0,8.5,0.0,8.3,0.0144,15.7
36,JARDIM GUANABARA,0.0874,0.1673,0.0075,3.3827,18.8,0.0043,6.5,0.0176,10.5,0.0006,5.2,0.1026,6.9,0.0019,10.8,0.0002,8.8,0.0,8.5,0.0,8.3,0.018,15.7
37,BOA VISTA/CASTELAO,0.077,0.1471,0.0069,2.6441,18.8,0.0023,6.5,0.018,10.5,0.0001,5.2,0.0769,6.9,0.0,10.8,0.0,8.8,0.0,8.5,2.0,8.3,0.0168,15.7
38,PARQUE IRACEMA,0.0586,0.115,0.0022,1.5256,18.8,0.0001,6.5,0.003,10.5,0.0,5.2,0.2051,6.9,0.0008,10.8,0.0,8.8,0.0,8.5,2.0,8.3,0.0216,15.7
39,GUAJERU,0.0514,0.09,0.0128,2.1328,18.8,0.0013,6.5,0.0151,10.5,0.0,5.2,0.1538,6.9,0.0,10.8,0.0,8.8,0.0,8.5,6.0,8.3,0.018,15.7
40,DOM LUSTOSA,0.0013,0.0,0.0026,1.7008,18.8,0.0018,6.5,0.0085,10.5,0.0001,5.2,0.1282,6.9,0.0,10.8,0.0,8.8,0.0,8.5,0.0,8.3,0.018,15.7
