bairro_assigned,date_norm,count
,2025-01-01,38
,2025-01-02,26
,2025-01-03,28
,2025-01-04,39
,2025-01-05,38
,2025-01-06,58
,2025-01-07,66
,2025-01-08,56
,2025-01-09,59
,2025-01-10,80
,2025-01-11,44
,2025-01-12,49
,2025-01-13,42
,2025-01-14,42
,2025-01-15,36
,2025-01-16,49
,2025-01-17,46
,2025-01-18,24
,2025-01-19,35
,2025-01-20,38
,2025-01-21,50
,2025-01-22,52
,2025-01-23,63
,2025-01-24,36
,2025-01-25,47
,2025-01-26,30
,2025-01-27,38
,2025-01-28,57
,2025-01-29,52
,2025-01-30,57
,2025-01-31,40
,2025-02-01,44
,2025-02-02,50
,2025-02-03,58
,2025-02-04,56
,2025-02-05,47
,2025-02-06,46
,2025-02-07,52
,2025-02-08,54
,2025-02-09,28
,2025-02-10,47
,2025-02-11,47
,2025-02-12,44
,2025-02-13,63
,2025-02-14,45
,2025-02-15,75
,2025-02-16,44
,2025-02-17,48
,2025-02-18,45
,2025-02-19,42
,2025-02-20,58
,2025-02-21,62
,2025-02-22,46
,2025-02-23,52
,2025-02-24,52
,2025-02-25,54
,2025-02-26,62
,2025-02-27,79
,2025-02-28,71
,2025-03-01,54
,2025-03-02,64
,2025-03-03,64
,2025-03-04,46
,2025-03-05,40
,2025-03-06,56
,2025-03-07,58
,2025-03-08,49
,2025-03-09,34
,2025-03-10,34
,2025-03-11,40
,2025-03-12,48
,2025-03-13,51
,2025-03-14,35
,2025-03-15,44
,2025-03-16,40
,2025-03-17,48
,2025-03-18,33
,2025-03-19,42
,2025-03-20,68
,2025-03-21,48
,2025-03-22,32
,2025-03-23,44
,2025-03-24,52
,2025-03-25,42
,2025-03-26,64
,2025-03-27,69
,2025-03-28,42
,2025-03-29,52
,2025-03-30,36
,2025-03-31,57
,2025-04-01,53
,2025-04-02,42
,2025-04-03,46
,2025-04-04,62
,2025-04-05,46
,2025-04-06,41
,2025-04-07,36
,2025-04-08,64
,2025-04-09,60
,2025-04-10,56
,2025-04-11,72
,2025-04-12,56
,2025-04-13,56
,2025-04-14,44
,2025-04-15,42
,2025-04-16,57
,2025-04-17,75
,2025-04-18,60
,2025-04-19,58
,2025-04-20,47
,2025-04-21,45
,2025-04-22,74
,2025-04-23,38
,2025-04-24,55
,2025-04-25,54
,2025-04-26,70
,2025-04-27,28
,2025-04-28,61
,2025-04-29,55
,2025-04-30,68
,2025-05-01,54
,2025-05-02,64
,2025-05-03,66
,2025-05-04,39
,2025-05-05,53
,2025-05-06,54
,2025-05-07,64
,2025-05-08,76
,2025-05-09,62
,2025-05-10,58
,2025-05-11,48
,2025-05-12,47
,2025-05-13,53
,2025-05-14,54
,2025-05-15,48
,2025-05-16,47
,2025-05-17,47
,2025-05-18,36
,2025-05-19,49
,2025-05-20,24
,2025-05-21,50
,2025-05-22,54
,2025-05-23,67
,2025-05-24,64
,2025-05-25,24
,2025-05-26,48
,2025-05-27,40
,2025-05-28,68
,2025-05-29,51
,2025-05-30,62
,2025-05-31,38
,2025-06-01,51
,2025-06-02,46
,2025-06-03,34
,2025-06-04,48
,2025-06-05,48
,2025-06-06,51
,2025-06-07,40
,2025-06-08,42
,2025-06-09,46
,2025-06-10,57
,2025-06-11,47
,2025-06-12,65
,2025-06-13,52
,2025-06-14,62
,2025-06-15,77
,2025-06-16,46
,2025-06-17,31
,2025-06-18,76
,2025-06-19,42
,2025-06-20,54
,2025-06-21,53
,2025-06-22,60
,2025-06-23,42
,2025-06-24,53
,2025-06-25,34
,2025-06-26,54
,2025-06-27,48
,2025-06-28,52
,2025-06-29,32
,2025-06-30,59
,2025-07-01,40
,2025-07-02,37
,2025-07-03,36
,2025-07-04,48
,2025-07-05,33
,2025-07-06,38
,2025-07-07,43
,2025-07-08,41
,2025-07-09,65
,2025-07-10,50
,2025-07-11,53
,2025-07-12,52
,2025-07-13,26
,2025-07-14,50
,2025-07-15,48
,2025-07-16,57
,2025-07-17,40
,2025-07-18,47
,2025-07-19,36
,2025-07-20,27
,2025-07-21,52
,2025-07-22,61
,2025-07-23,42
,2025-07-24,46
,2025-07-25,40
,2025-07-26,40
,2025-07-27,38
,2025-07-28,44
,2025-07-29,62
,2025-07-30,66
,2025-07-31,54
,2025-08-01,42
,2025-08-02,38
,2025-08-03,43
,2025-08-04,44
,2025-08-05,44
,2025-08-06,54
,2025-08-07,54
,2025-08-08,56
,2025-08-09,55
,2025-08-10,42
,2025-08-11,38
,2025-08-12,58
,2025-08-13,59
,2025-08-14,62
,2025-08-15,59
,2025-08-16,43
,2025-08-17,52
,2025-08-18,52
,2025-08-19,60
,2025-08-20,80
,2025-08-21,58
,2025-08-22,46
,2025-08-23,50
,2025-08-24,44
,2025-08-25,46
,2025-08-26,52
,2025-08-27,47
,2025-08-28,44
,2025-08-29,76
,2025-08-30,57
,2025-08-31,44
,2025-09-01,42
,2025-09-02,70
,2025-09-03,64
,2025-09-04,60
,2025-09-05,58
,2025-09-06,78
,2025-09-07,46
,2025-09-08,56
,2025-09-09,61
,2025-09-10,52
,2025-09-11,64
,2025-09-12,60
,2025-09-13,50
,2025-09-14,34
,2025-09-15,95
,2025-09-16,83
,2025-09-17,34
,2025-09-18,55
,2025-09-19,47
,2025-09-20,62
,2025-09-21,48
,2025-09-22,46
,2025-09-23,68
,2025-09-24,56
,2025-09-25,60
,2025-09-26,76
,2025-09-27,61
,2025-09-28,68
,2025-09-29,69
,2025-09-30,54
,2025-10-01,56
,2025-10-02,66
,2025-10-03,68
,2025-10-04,52
,2025-10-05,45
,2025-10-06,64
,2025-10-07,40
,2025-10-08,40
,2025-10-09,56
,2025-10-10,58
,2025-10-11,45
,2025-10-12,44
,2025-10-13,51
,2025-10-14,43
,2025-10-15,66
,2025-10-16,48
,2025-10-17,58
,2025-10-18,55
,2025-10-19,36
,2025-10-20,53
,2025-10-21,54
,2025-10-22,48
,2025-10-23,35
,2025-10-24,63
,2025-10-25,50
,2025-10-26,43
,2025-10-27,40
,2025-10-28,51
,2025-10-29,38
,2025-10-30,66
,2025-10-31,61
,2025-11-01,42
,2025-11-02,40
,2025-11-03,75
,2025-11-04,46
,2025-11-05,59
,2025-11-06,67
,2025-11-07,52
,2025-11-08,55
,2025-11-09,57
,2025-11-10,46
,2025-11-11,52
,2025-11-12,47
,2025-11-13,56
,2025-11-14,59
,2025-11-15,60
,2025-11-16,34
,2025-11-17,56
,2025-11-18,57
,2025-11-19,54
,2025-11-20,34
,2025-11-21,50
,2025-11-22,61
,2025-11-23,46
,2025-11-24,34
,2025-11-25,42
,2025-11-26,52
,2025-11-27,42
,2025-11-28,52
,2025-11-29,40
,2025-11-30,32
,2025-12-01,38
,2025-12-02,51
,2025-12-03,52
,2025-12-04,49
,2025-12-05,82
,2025-12-06,48
,2025-12-07,51
,2025-12-08,57
,2025-12-09,48
,2025-12-10,17
,2025-12-11,21
,2025-12-12,33
,2026-01-01,19
,2026-01-02,14
,2026-01-03,31
,2026-01-04,23
,2026-01-05,15
,2026-01-06,21
,2026-01-07,23
,2026-01-08,28
,2026-01-09,22
,2026-01-10,19
,2026-01-11,14
,2026-01-12,32
,2026-01-13,38
,2026-01-14,26
,2026-01-15,37
,2026-01-16,36
,2026-01-17,28
,2026-01-18,18
,2026-01-19,28
,2026-01-20,30
,2026-01-21,16
,2026-01-22,1
CEARÁ,2025-01-04,1
CEARÁ,2025-01-09,1
CEARÁ,2025-01-12,1
CEARÁ,2025-01-15,2
CEARÁ,2025-01-16,1
CEARÁ,2025-01-17,2
CEARÁ,2025-01-19,1
CEARÁ,2025-01-23,1
CEARÁ,2025-01-24,2
CEARÁ,2025-01-25,1
CEARÁ,2025-01-26,2
CEARÁ,2025-01-27,2
CEARÁ,2025-01-28,1
CEARÁ,2025-01-30,1
CEARÁ,2025-02-05,1
CEARÁ,2025-02-10,1
CEARÁ,2025-02-11,1
CEARÁ,2025-02-12,2
CEARÁ,2025-02-13,1
CEARÁ,2025-02-14,1
CEARÁ,2025-02-15,1
CEARÁ,2025-02-17,2
CEARÁ,2025-02-18,1
CEARÁ,2025-02-20,2
CEARÁ,2025-02-21,4
CEARÁ,2025-02-24,2
CEARÁ,2025-02-25,2
CEARÁ,2025-02-27,1
CEARÁ,2025-02-28,1
CEARÁ,2025-03-06,2
CEARÁ,2025-03-07,4
CEARÁ,2025-03-08,3
CEARÁ,2025-03-13,1
CEARÁ,2025-03-14,1
CEARÁ,2025-03-15,2
CEARÁ,2025-03-18,3
CEARÁ,2025-03-19,2
CEARÁ,2025-03-27,3
CEARÁ,2025-03-30,2
CEARÁ,2025-03-31,1
CEARÁ,2025-04-01,1
CEARÁ,2025-04-06,1
CEARÁ,2025-04-09,2
CEARÁ,2025-04-16,3
CEARÁ,2025-04-17,1
CEARÁ,2025-04-20,1
CEARÁ,2025-04-21,1
CEARÁ,2025-04-24,3
CEARÁ,2025-04-28,1
CEARÁ,2025-04-29,1
CEARÁ,2025-05-01,2
CEARÁ,2025-05-04,1
CEARÁ,2025-05-05,1
CEARÁ,2025-05-09,2
CEARÁ,2025-05-11,2
CEARÁ,2025-05-12,1
CEARÁ,2025-05-13,1
CEARÁ,2025-05-16,1
CEARÁ,2025-05-17,1
CEARÁ,2025-05-19,3
CEARÁ,2025-05-21,2
CEARÁ,2025-05-22,2
CEARÁ,2025-05-23,1
CEARÁ,2025-05-24,4
CEARÁ,2025-05-29,1
CEARÁ,2025-06-03,2
CEARÁ,2025-06-04,2
CEARÁ,2025-06-05,2
CEARÁ,2025-06-06,1
CEARÁ,2025-06-07,2
CEARÁ,2025-06-11,1
CEARÁ,2025-06-12,3
CEARÁ,2025-06-15,1
CEARÁ,2025-06-16,2
CEARÁ,2025-06-20,2
CEARÁ,2025-06-21,1
CEARÁ,2025-06-22,2
CEARÁ,2025-06-23,2
CEARÁ,2025-06-24,1
CEARÁ,2025-06-25,2
CEARÁ,2025-06-29,2
CEARÁ,2025-06-30,3
CEARÁ,2025-07-01,2
CEARÁ,2025-07-02,1
CEARÁ,2025-07-03,2
CEARÁ,2025-07-05,1
CEARÁ,2025-07-08,1
CEARÁ,2025-07-09,1
CEARÁ,2025-07-11,1
CEARÁ,2025-07-12,2
CEARÁ,2025-07-15,4
CEARÁ,2025-07-16,1
CEARÁ,2025-07-17,2
CEARÁ,2025-07-18,1
CEARÁ,2025-07-20,1
CEARÁ,2025-07-22,1
CEARÁ,2025-08-02,2
CEARÁ,2025-08-03,1
CEARÁ,2025-08-07,2
CEARÁ,2025-08-09,1
CEARÁ,2025-08-13,1
CEARÁ,2025-08-15,1
CEARÁ,2025-08-16,3
CEARÁ,2025-08-18,2
CEARÁ,2025-08-30,1
CEARÁ,2025-09-01,3
CEARÁ,2025-09-06,2
CEARÁ,2025-09-09,1
CEARÁ,2025-09-11,2
CEARÁ,2025-09-15,1
CEARÁ,2025-09-16,3
CEARÁ,2025-09-18,3
CEARÁ,2025-09-19,1
CEARÁ,2025-09-24,3
CEARÁ,2025-09-27,1
CEARÁ,2025-09-29,1
CEARÁ,2025-10-01,2
CEARÁ,2025-10-05,1
CEARÁ,2025-10-08,2
CEARÁ,2025-10-11,1
CEARÁ,2025-10-13,1
CEARÁ,2025-10-14,1
CEARÁ,2025-10-20,1
CEARÁ,2025-10-23,3
CEARÁ,2025-10-24,1
CEARÁ,2025-10-26,1
CEARÁ,2025-10-28,1
CEARÁ,2025-10-30,2
CEARÁ,2025-10-31,1
CEARÁ,2025-11-03,1
CEARÁ,2025-11-05,1
CEARÁ,2025-11-06,3
CEARÁ,2025-11-08,1
CEARÁ,2025-11-09,1
CEARÁ,2025-11-12,1
CEARÁ,2025-11-14,1
CEARÁ,2025-11-22,1
CEARÁ,2025-11-28,2
CEARÁ,2025-12-02,1
CEARÁ,2025-12-04,3
CEARÁ,2025-12-07,1
CEARÁ,2025-12-08,1
CEARÁ,2025-12-10,1
CEARÁ,2026-01-07,1
CEARÁ,2026-01-08,1
CEARÁ,2026-01-12,1
CEARÁ,2026-01-14,1
CEARÁ,2026-01-21,1
CENTRO,2025-09-24,1
