w_ewma,w_lgbm,w_hist,w_target,p10,p20,r10,r20
0.6,0.2,0.2,0.0,0.23255813953488377,0.14534883720930233,0.5451135105204872,0.6559108527131783
0.6,0.0,0.2,0.2,0.2279069767441861,0.14709302325581394,0.5383305647840532,0.6502768549280177
0.6,0.1,0.2,0.1,0.2279069767441861,0.1441860465116279,0.5373615725359911,0.6419712070874861
0.6,0.0,0.3,0.1,0.2279069767441861,0.1436046511627907,0.5383305647840532,0.6403100775193798
0.6,0.2,0.1,0.1,0.22674418604651167,0.1517441860465116,0.5098421926910299,0.6772978959025471
0.5,0.0,0.0,0.5,0.22674418604651167,0.14709302325581394,0.5366002214839424,0.6502768549280177
0.6,0.1,0.3,0.0,0.22674418604651167,0.1436046511627907,0.536392580287929,0.6403100775193798
0.6,0.3,0.1,0.0,0.22558139534883728,0.14825581395348839,0.5098421926910298,0.6670542635658915
0.6,0.0,0.4,0.0,0.22325581395348845,0.1436046511627907,0.5305786267995569,0.6403100775193798
0.5,0.1,0.0,0.4,0.222093023255814,0.14709302325581394,0.5291251384274639,0.6502768549280177
0.5,0.2,0.2,0.1,0.222093023255814,0.1441860465116279,0.5291251384274639,0.650373754152824
0.5,0.0,0.1,0.4,0.222093023255814,0.1436046511627907,0.5291251384274639,0.6403100775193798
0.5,0.1,0.1,0.3,0.222093023255814,0.1436046511627907,0.5291251384274639,0.6403100775193798
0.5,0.0,0.2,0.3,0.222093023255814,0.14302325581395348,0.5291251384274639,0.6383720930232558
0.5,0.2,0.3,0.0,0.222093023255814,0.14186046511627906,0.5291251384274639,0.6409606866002214
0.4,0.0,0.0,0.6,0.222093023255814,0.14186046511627906,0.5291251384274639,0.6344961240310077
0.5,0.0,0.3,0.2,0.222093023255814,0.14127906976744184,0.5291251384274639,0.6325581395348837
0.4,0.0,0.1,0.5,0.222093023255814,0.14069767441860462,0.5291251384274639,0.6311046511627907
0.4,0.1,0.0,0.5,0.222093023255814,0.14069767441860462,0.5291251384274639,0.6311046511627907
0.5,0.1,0.2,0.2,0.222093023255814,0.14069767441860462,0.5291251384274639,0.6311046511627907
0.5,0.1,0.3,0.1,0.222093023255814,0.14011627906976745,0.5291251384274639,0.6294435215946844
0.4,0.0,0.2,0.4,0.222093023255814,0.1383720930232558,0.5291251384274639,0.62390642303433
0.5,0.0,0.4,0.1,0.222093023255814,0.1383720930232558,0.5291251384274639,0.62390642303433
0.4,0.1,0.1,0.4,0.222093023255814,0.13662790697674418,0.5291251384274639,0.6162652270210409
0.5,0.0,0.5,0.0,0.222093023255814,0.13604651162790696,0.5291251384274639,0.6146040974529347
0.5,0.1,0.4,0.0,0.222093023255814,0.13604651162790696,0.5291251384274639,0.6146040974529347
0.6,0.3,0.0,0.1,0.22093023255813957,0.15174418604651163,0.487749169435216,0.6772978959025471
0.6,0.4,0.0,0.0,0.22093023255813957,0.14825581395348839,0.487749169435216,0.6673311184939091
0.5,0.3,0.2,0.0,0.22093023255813957,0.14360465116279067,0.5274640088593577,0.6525885935769656
0.4,0.0,0.3,0.3,0.2186046511627908,0.13604651162790696,0.5174972314507198,0.6146040974529347
0.4,0.1,0.2,0.3,0.2186046511627908,0.13604651162790696,0.5174972314507198,0.6146040974529347
0.4,0.1,0.3,0.2,0.2186046511627908,0.13604651162790696,0.5174972314507198,0.6146040974529347
0.6,0.1,0.1,0.2,0.21860465116279074,0.14709302325581394,0.4811600221483942,0.6502768549280177
0.4,0.2,0.0,0.4,0.21860465116279074,0.14244186046511628,0.5184662236987818,0.6448366555924695
0.4,0.2,0.2,0.2,0.21744186046511635,0.14011627906976745,0.515171650055371,0.6355343300110742
0.4,0.2,0.1,0.3,0.2162790697674419,0.14011627906976742,0.5107142857142857,0.633983942414175
0.5,0.2,0.0,0.3,0.2151162790697675,0.14593023255813953,0.5114894795127353,0.6597868217054264
0.5,0.3,0.0,0.2,0.2151162790697675,0.14593023255813953,0.5114894795127353,0.6597868217054264
0.5,0.2,0.1,0.2,0.2151162790697675,0.14534883720930233,0.5114894795127353,0.6559108527131783
0.5,0.4,0.1,-0.0,0.2151162790697675,0.1441860465116279,0.5137043189368771,0.6584025470653377
0.4,0.3,0.0,0.3,0.2151162790697675,0.14360465116279067,0.5083887043189368,0.6525885935769656
0.4,0.0,0.4,0.2,0.2151162790697675,0.13604651162790696,0.5119601328903655,0.6146040974529347
0.8,0.0,0.2,-0.0,0.21511627906976744,0.15,0.46755260243632335,0.6589285714285714
0.4,0.3,0.1,0.2,0.21395348837209308,0.14302325581395348,0.5076135105204872,0.6502630121816168
0.4,0.3,0.2,0.1,0.21395348837209308,0.14127906976744184,0.5089700996677741,0.6432862679955703
0.5,0.4,0.0,0.1,0.21395348837209305,0.1447674418604651,0.509828349944629,0.656187707641196
0.5,0.3,0.1,0.1,0.21395348837209305,0.14360465116279067,0.509828349944629,0.6525885935769656
0.8,0.1,0.1,-0.0,0.21395348837209302,0.1517441860465116,0.4639673311184939,0.6665697674418604
0.8,0.0,0.1,0.1,0.21395348837209302,0.14941860465116277,0.46367663344407534,0.657765780730897
0.5,0.5,0.0,0.0,0.21279069767441866,0.1453488372093023,0.5040143964562569,0.6626661129568107
0.4,0.3,0.3,0.0,0.21279069767441866,0.14127906976744184,0.5073089700996678,0.6432862679955703
0.3,0.2,0.0,0.5,0.21279069767441866,0.14069767441860465,0.5073089700996678,0.6394102990033222
0.3,0.2,0.1,0.4,0.21279069767441866,0.13953488372093023,0.5073089700996678,0.6316583610188261
0.3,0.0,0.0,0.7,0.21279069767441866,0.1383720930232558,0.5073089700996678,0.62390642303433
0.4,0.2,0.3,0.1,0.21279069767441866,0.13779069767441862,0.5073089700996678,0.6231312292358804
0.3,0.0,0.1,0.6,0.21279069767441866,0.13604651162790696,0.5073089700996678,0.6146040974529347
0.3,0.0,0.2,0.5,0.21279069767441866,0.13604651162790696,0.5073089700996678,0.6146040974529347
0.3,0.1,0.0,0.6,0.21279069767441866,0.13604651162790696,0.5073089700996678,0.6146040974529347
0.3,0.1,0.1,0.5,0.21279069767441866,0.13604651162790696,0.5073089700996678,0.6146040974529347
0.4,0.0,0.5,0.1,0.21279069767441866,0.13604651162790696,0.5073089700996678,0.6146040974529347
0.4,0.1,0.4,0.1,0.21279069767441866,0.13604651162790696,0.5073089700996678,0.6146040974529347
0.3,0.1,0.2,0.4,0.21279069767441866,0.13546511627906976,0.5073089700996678,0.6116971207087486
0.4,0.2,0.4,-0.0,0.21279069767441866,0.13546511627906976,0.5073089700996678,0.6116971207087486
0.4,0.1,0.5,0.0,0.21279069767441866,0.13488372093023257,0.5073089700996678,0.6087901439645625
0.4,0.0,0.6,0.0,0.21279069767441866,0.13430232558139538,0.5073089700996678,0.6058831672203765
0.6,0.2,0.0,0.2,0.2127906976744186,0.15290697674418605,0.4615863787375415,0.6847729789590254
0.8,0.0,0.0,0.2,0.21279069767441858,0.15465116279069765,0.46009136212624585,0.7101744186046512
0.6,0.0,0.1,0.3,0.21162790697674422,0.14709302325581394,0.4598421926910299,0.6502768549280177
0.9,0.0,0.0,0.1,0.21162790697674413,0.15813953488372096,0.4620155038759689,0.7266472868217053
0.8,0.1,0.0,0.1,0.21162790697674413,0.15290697674418602,0.4552464008859357,0.6944490586932448
0.8,0.2,0.0,-0.0,0.21162790697674413,0.14825581395348839,0.4574058693244741,0.6657392026578073
0.6,0.0,0.0,0.4,0.21046511627906983,0.15,0.45181339977851603,0.6589285714285714
0.4,0.4,0.1,0.1,0.21046511627906983,0.14302325581395348,0.5014119601328904,0.6502630121816168
0.4,0.4,0.2,-0.0,0.21046511627906983,0.14127906976744184,0.5033222591362125,0.6432862679955703
0.3,0.2,0.2,0.3,0.21046511627906983,0.13662790697674423,0.5011074197120708,0.6167358803986711
0.7,0.2,0.1,0.0,0.2093023255813954,0.15290697674418605,0.45084440753045407,0.6847729789590254
0.7,0.0,0.1,0.2,0.2093023255813954,0.15,0.450844407530454,0.6589285714285714
0.7,0.1,0.1,0.1,0.2093023255813954,0.14941860465116277,0.4545265780730897,0.659579180509413
0.4,0.4,0.0,0.2,0.2093023255813954,0.14360465116279067,0.49521040974529346,0.6525885935769656
0.3,0.0,0.3,0.4,0.2093023255813954,0.13488372093023257,0.5019795127353267,0.6087901439645625
0.7,0.0,0.2,0.1,0.208139534883721,0.14883720930232555,0.4537513842746401,0.6558139534883721
0.6,0.1,0.0,0.3,0.20813953488372094,0.14941860465116277,0.44966777408637876,0.659579180509413
0.4,0.5,0.1,-0.0,0.2069767441860466,0.14360465116279067,0.4957641196013288,0.6560769656699889
0.3,0.3,0.0,0.4,0.2069767441860466,0.14127906976744184,0.4935492801771871,0.6432862679955703
0.7,0.1,0.2,0.0,0.20697674418604656,0.14709302325581394,0.4520902547065338,0.6502768549280177
0.3,0.1,0.3,0.3,0.20697674418604656,0.13372093023255816,0.4985880398671096,0.6035575858250276
0.7,0.1,0.0,0.2,0.20697674418604653,0.15232558139534882,0.44483665559246954,0.6704457364341085
0.7,0.2,0.0,0.1,0.20697674418604653,0.15,0.44483665559246954,0.6720376522702104
0.4,0.5,0.0,0.1,0.20581395348837217,0.14360465116279067,0.48967331118493906,0.6560769656699889
0.7,0.3,0.0,0.0,0.20581395348837211,0.15174418604651163,0.44425526024363227,0.6772978959025471
0.7,0.0,0.0,0.3,0.20581395348837211,0.14941860465116277,0.44242801771871537,0.6569905869324473
0.7,0.0,0.3,0.0,0.20465116279069773,0.14709302325581394,0.4486987818383168,0.6502768549280177
0.3,0.3,0.1,0.3,0.20465116279069773,0.14011627906976745,0.4888981173864894,0.6374723145071982
0.4,0.6,0.0,0.0,0.20348837209302334,0.14360465116279067,0.48153377630121813,0.6560769656699889
0.3,0.4,0.0,0.3,0.20348837209302328,0.14127906976744184,0.48502214839424135,0.6432862679955703
0.3,0.0,0.4,0.3,0.20348837209302328,0.13255813953488374,0.49277408637873754,0.5999584717607973
0.9,0.0,0.1,-0.0,0.20348837209302326,0.15872093023255812,0.4494878183831672,0.726453488372093
0.9,0.1,0.0,-0.0,0.20348837209302326,0.1569767441860465,0.4494878183831672,0.7251799557032116
1.0,0.0,0.0,0.0,0.20232558139534887,0.15930232558139537,0.47396179401993355,0.696594684385382
0.3,0.5,0.0,0.2,0.19883720930232565,0.14127906976744184,0.47542912513842744,0.6432862679955703
0.3,0.3,0.2,0.2,0.1976744186046512,0.13953488372093026,0.4773671096345514,0.6345653377630122
0.3,0.4,0.1,0.2,0.1976744186046512,0.13953488372093026,0.47542912513842733,0.6345653377630122
0.3,0.5,0.1,0.1,0.19534883720930238,0.13953488372093026,0.4711655592469546,0.6345653377630122
0.3,0.3,0.3,0.1,0.19418604651162794,0.13895348837209306,0.4698089700996677,0.6306893687707641
0.3,0.2,0.3,0.2,0.19418604651162794,0.13662790697674418,0.47106866002214837,0.6169296788482835
0.3,0.4,0.2,0.1,0.1930232558139535,0.13953488372093026,0.4649640088593577,0.6345653377630122
0.3,0.4,0.3,-0.0,0.1930232558139535,0.13953488372093026,0.46690199335548166,0.6345653377630122
0.3,0.6,0.0,0.1,0.19302325581395346,0.14244186046511628,0.46562846068660013,0.6514258028792912
0.3,0.5,0.2,-0.0,0.19186046511627908,0.13953488372093026,0.4633028792912514,0.6345653377630122
0.3,0.3,0.4,-0.0,0.19186046511627908,0.13953488372093026,0.4664174972314507,0.6336794019933555
0.3,0.1,0.4,0.2,0.19186046511627908,0.13546511627906976,0.4664174972314507,0.6116971207087486
0.3,0.2,0.4,0.1,0.19186046511627908,0.13430232558139535,0.4664174972314507,0.6080980066445183
0.3,0.1,0.5,0.1,0.19186046511627908,0.13430232558139535,0.4664174972314507,0.6071290143964563
0.3,0.2,0.5,-0.0,0.19186046511627908,0.13197674418604652,0.4664174972314507,0.5996539313399779
0.3,0.1,0.6,0.0,0.19186046511627908,0.13139534883720932,0.4664174972314507,0.596359357696567
0.3,0.0,0.5,0.2,0.19186046511627908,0.1308139534883721,0.4664174972314507,0.594421373200443
0.3,0.0,0.6,0.1,0.19186046511627908,0.1308139534883721,0.4664174972314507,0.594421373200443
0.3,0.7,0.0,0.0,0.19069767441860466,0.14302325581395348,0.45942691029900323,0.6537513842746401
0.3,0.6,0.1,-0.0,0.19069767441860466,0.13953488372093026,0.45942691029900323,0.638718161683278
0.3,0.0,0.7,0.0,0.19069767441860466,0.1308139534883721,0.4647563676633444,0.594421373200443
0.2,0.2,0.0,0.6,0.17906976744186046,0.13837209302325587,0.44703765227021036,0.626813399778516
0.2,0.0,0.0,0.8,0.17906976744186046,0.13604651162790696,0.44703765227021036,0.6146040974529347
0.2,0.1,0.0,0.7,0.17906976744186046,0.13372093023255816,0.44703765227021036,0.6035575858250276
0.2,0.0,0.1,0.7,0.17906976744186046,0.13139534883720932,0.44703765227021036,0.5960825027685493
0.2,0.3,0.1,0.4,0.17790697674418604,0.1412790697674419,0.4441306755260243,0.6422065337763012
0.2,0.4,0.1,0.3,0.17790697674418604,0.1406976744186047,0.4441306755260243,0.6399916943521595
0.2,0.4,0.2,0.2,0.17790697674418604,0.14011627906976748,0.4441306755260243,0.638330564784053
0.2,0.3,0.2,0.3,0.17790697674418604,0.13779069767441865,0.4441306755260243,0.6285299003322259
0.2,0.2,0.1,0.5,0.17790697674418604,0.13779069767441865,0.4441306755260243,0.6265919158361017
0.2,0.4,0.3,0.1,0.17790697674418604,0.1377906976744186,0.4441306755260243,0.6326135105204872
0.2,0.4,0.4,0.0,0.17790697674418604,0.13720930232558143,0.4441306755260243,0.6276854928017719
0.2,0.3,0.5,0.0,0.17790697674418604,0.1348837209302326,0.4441306755260243,0.6152823920265781
0.2,0.3,0.3,0.2,0.17790697674418604,0.13430232558139538,0.4441306755260243,0.6158361018826134
0.2,0.2,0.2,0.4,0.17790697674418604,0.13430232558139538,0.4441306755260243,0.6114756367663343
0.2,0.1,0.1,0.6,0.17790697674418604,0.13372093023255813,0.4441306755260243,0.6061600221483943
0.2,0.3,0.4,0.1,0.17790697674418604,0.13255813953488377,0.4441306755260243,0.6078073089700996
0.1,0.3,0.2,0.4,0.17790697674418604,0.1325581395348837,0.4441306755260243,0.6085825027685492
0.1,0.3,0.3,0.3,0.17790697674418604,0.1325581395348837,0.4441306755260243,0.60703211517165
0.1,0.3,0.1,0.5,0.17790697674418604,0.13139534883720932,0.4441306755260243,0.6054817275747507
0.2,0.1,0.2,0.5,0.17790697674418604,0.13139534883720932,0.4441306755260243,0.596359357696567
0.1,0.3,0.0,0.6,0.17790697674418604,0.1308139534883721,0.4441306755260243,0.6038205980066444
0.2,0.0,0.2,0.6,0.17790697674418604,0.1308139534883721,0.4441306755260243,0.594421373200443
0.2,0.0,0.3,0.5,0.17790697674418604,0.1308139534883721,0.4441306755260243,0.594421373200443
0.2,0.0,0.4,0.4,0.17790697674418604,0.1308139534883721,0.4441306755260243,0.594421373200443
0.2,0.0,0.5,0.3,0.17790697674418604,0.1308139534883721,0.4441306755260243,0.594421373200443
0.2,0.1,0.3,0.4,0.17790697674418604,0.1308139534883721,0.4441306755260243,0.594421373200443
0.2,0.1,0.4,0.3,0.17790697674418604,0.1308139534883721,0.4441306755260243,0.594421373200443
0.2,0.2,0.3,0.3,0.17790697674418604,0.1308139534883721,0.4441306755260243,0.594421373200443
0.2,0.1,0.6,0.1,0.17790697674418604,0.1308139534883721,0.4441306755260243,0.5943521594684386
0.2,0.1,0.7,0.0,0.17790697674418604,0.1308139534883721,0.4441306755260243,0.5943521594684386
0.1,0.2,0.0,0.7,0.17790697674418604,0.1296511627906977,0.4441306755260243,0.5954042081949058
0.1,0.2,0.1,0.6,0.17790697674418604,0.1296511627906977,0.4441306755260243,0.5938538205980065
0.1,0.3,0.4,0.2,0.17790697674418604,0.1296511627906977,0.4441306755260243,0.5933554817275747
0.2,0.0,0.7,0.1,0.17790697674418604,0.1296511627906977,0.4441306755260243,0.5866002214839423
0.2,0.0,0.8,0.0,0.17790697674418604,0.1290697674418605,0.4441306755260243,0.5827242524916942
0.2,0.0,0.6,0.2,0.17790697674418604,0.12790697674418608,0.4441306755260243,0.5852159468438537
0.2,0.1,0.5,0.2,0.17790697674418604,0.12790697674418608,0.4441306755260243,0.5852159468438537
0.2,0.2,0.4,0.2,0.17790697674418604,0.12790697674418608,0.4441306755260243,0.5852159468438537
0.2,0.2,0.5,0.1,0.17790697674418604,0.12790697674418608,0.4441306755260243,0.5852159468438537
0.2,0.2,0.6,0.0,0.17790697674418604,0.12790697674418608,0.4441306755260243,0.5852159468438537
0.1,0.0,0.2,0.7,0.17790697674418604,0.12790697674418608,0.4441306755260243,0.5806755260243632
0.1,0.0,0.3,0.6,0.17790697674418604,0.12790697674418608,0.4441306755260243,0.5806755260243632
0.1,0.1,0.3,0.5,0.17790697674418604,0.12790697674418608,0.4441306755260243,0.5806755260243632
0.1,0.1,0.4,0.4,0.17790697674418604,0.12790697674418608,0.4441306755260243,0.5806755260243632
0.1,0.2,0.2,0.5,0.17790697674418604,0.12732558139534886,0.4441306755260243,0.5828903654485049
0.1,0.3,0.5,0.1,0.17790697674418604,0.12674418604651166,0.4441306755260243,0.5821013289036544
0.1,0.1,0.2,0.6,0.17790697674418604,0.12616279069767444,0.4441306755260243,0.575346068660022
0.1,0.1,0.5,0.3,0.17790697674418604,0.12616279069767444,0.4441306755260243,0.5721483942414174
0.1,0.0,0.1,0.8,0.17790697674418604,0.12558139534883725,0.4441306755260243,0.5713732004429679
0.1,0.1,0.1,0.7,0.17790697674418604,0.12558139534883725,0.4441306755260243,0.5713732004429679
0.1,0.0,0.4,0.5,0.17790697674418604,0.12500000000000003,0.4441306755260243,0.5704872646733111
0.1,0.0,0.0,0.9,0.17790697674418604,0.12500000000000003,0.4441306755260243,0.5699889258028793
0.1,0.1,0.6,0.2,0.17790697674418604,0.12500000000000003,0.4441306755260243,0.5674972314507197
0.1,0.1,0.0,0.8,0.17790697674418604,0.12441860465116282,0.4441306755260243,0.5738648947951273
0.1,0.2,0.3,0.4,0.17790697674418604,0.1244186046511628,0.4441306755260243,0.5700858250276855
0.1,0.2,0.4,0.3,0.17790697674418604,0.12383720930232563,0.4441306755260243,0.5681478405315614
0.1,0.3,0.6,0.0,0.17790697674418604,0.12383720930232561,0.4441306755260243,0.5696982281284606
0.1,0.2,0.7,0.0,0.17790697674418604,0.1232558139534884,0.4441306755260243,0.5621677740863786
0.1,0.1,0.7,0.1,0.17790697674418604,0.12209302325581398,0.4441306755260243,0.5543189368770765
0.1,0.2,0.5,0.2,0.17790697674418604,0.12151162790697678,0.4441306755260243,0.5570182724252492
0.1,0.2,0.6,0.1,0.17790697674418604,0.12151162790697678,0.4441306755260243,0.5559662236987818
0.1,0.1,0.8,0.0,0.17790697674418604,0.11976744186046515,0.4441306755260243,0.5460686600221483
0.1,0.0,0.5,0.4,0.17790697674418604,0.11918604651162792,0.4441306755260243,0.5441306755260242
0.1,0.0,0.6,0.3,0.17790697674418604,0.11918604651162792,0.4441306755260243,0.5441306755260242
0.1,0.0,0.7,0.2,0.17790697674418604,0.11918604651162792,0.4441306755260243,0.5441306755260242
0.1,0.0,0.8,0.1,0.17790697674418604,0.11918604651162792,0.4441306755260243,0.5441306755260242
0.0,0.0,0.3,0.7,0.17790697674418604,0.11860465116279072,0.4441306755260243,0.542469545957918
0.0,0.0,0.4,0.6,0.17790697674418604,0.11860465116279072,0.4441306755260243,0.542469545957918
0.0,0.0,0.5,0.5,0.17790697674418604,0.11860465116279072,0.4441306755260243,0.542469545957918
0.0,0.0,0.6,0.4,0.17790697674418604,0.11860465116279072,0.4441306755260243,0.542469545957918
0.0,0.0,0.7,0.3,0.17790697674418604,0.11860465116279072,0.4441306755260243,0.542469545957918
0.0,0.0,0.8,0.2,0.17790697674418604,0.11860465116279072,0.4441306755260243,0.542469545957918
0.0,0.0,0.9,0.1,0.17790697674418604,0.11860465116279072,0.4441306755260243,0.542469545957918
0.0,0.0,1.0,0.0,0.17790697674418604,0.11860465116279072,0.4441306755260243,0.542469545957918
0.0,0.1,0.1,0.8,0.17790697674418604,0.11860465116279072,0.4441306755260243,0.542469545957918
0.0,0.1,0.2,0.7,0.17790697674418604,0.11860465116279072,0.4441306755260243,0.542469545957918
0.0,0.1,0.3,0.6,0.17790697674418604,0.11860465116279072,0.4441306755260243,0.542469545957918
0.0,0.1,0.4,0.5,0.17790697674418604,0.11860465116279072,0.4441306755260243,0.542469545957918
0.0,0.1,0.5,0.4,0.17790697674418604,0.11860465116279072,0.4441306755260243,0.542469545957918
0.0,0.1,0.6,0.3,0.17790697674418604,0.11860465116279072,0.4441306755260243,0.542469545957918
0.0,0.1,0.7,0.2,0.17790697674418604,0.11860465116279072,0.4441306755260243,0.542469545957918
0.0,0.1,0.8,0.1,0.17790697674418604,0.11860465116279072,0.4441306755260243,0.542469545957918
0.0,0.1,0.9,0.0,0.17790697674418604,0.11860465116279072,0.4441306755260243,0.542469545957918
0.0,0.2,0.8,0.0,0.17790697674418604,0.11860465116279072,0.4441306755260243,0.542469545957918
0.1,0.0,0.9,0.0,0.17790697674418604,0.11860465116279072,0.4441306755260243,0.5412236987818382
0.0,0.2,0.7,0.1,0.17790697674418604,0.11802325581395351,0.4441306755260243,0.5408084163898117
0.0,0.1,0.0,0.9,0.17790697674418604,0.1180232558139535,0.4441306755260243,0.5395625692137319
0.0,0.3,0.2,0.5,0.17790697674418604,0.1168604651162791,0.4441306755260243,0.5468576965669988
0.0,0.2,0.3,0.5,0.17790697674418604,0.11627906976744189,0.4441306755260243,0.5415282392026577
0.0,0.2,0.6,0.2,0.17790697674418604,0.11627906976744189,0.4441306755260243,0.5352713178294572
0.0,0.2,0.4,0.4,0.17790697674418604,0.11569767441860467,0.4441306755260243,0.5392026578073089
0.0,0.3,0.0,0.7,0.17790697674418604,0.11511627906976744,0.4441306755260243,0.5435354374307863
0.0,0.3,0.1,0.6,0.17790697674418604,0.11511627906976744,0.4441306755260243,0.5413205980066444
0.0,0.2,0.5,0.3,0.17790697674418604,0.11511627906976744,0.4441306755260243,0.533001107419712
0.0,0.3,0.3,0.4,0.17790697674418604,0.11395348837209306,0.4441306755260243,0.5388981173864895
0.0,0.3,0.7,0.0,0.17790697674418604,0.11395348837209306,0.4441306755260243,0.5364756367663344
0.0,0.2,0.0,0.8,0.17790697674418604,0.11395348837209303,0.4441306755260243,0.5359911406423035
0.0,0.2,0.2,0.6,0.17790697674418604,0.11337209302325583,0.4441306755260243,0.5345376522702103
0.0,0.3,0.4,0.3,0.17790697674418604,0.11279069767441861,0.4441306755260243,0.5352990033222591
0.0,0.2,0.1,0.7,0.17790697674418604,0.11279069767441861,0.4441306755260243,0.5333610188261351
0.0,0.3,0.5,0.2,0.17790697674418604,0.11162790697674423,0.4441306755260243,0.529485049833887
0.0,0.3,0.6,0.1,0.17790697674418604,0.11162790697674423,0.4441306755260243,0.529485049833887
0.0,0.0,0.0,1.0,0.17790697674418604,0.11046511627906978,0.4441306755260243,0.5165143964562569
0.0,0.0,0.1,0.9,0.17790697674418604,0.11046511627906978,0.4441306755260243,0.5165143964562569
0.0,0.0,0.2,0.8,0.17790697674418604,0.11046511627906978,0.4441306755260243,0.5165143964562569
0.2,0.3,0.0,0.5,0.1755813953488372,0.13953488372093026,0.4363787375415283,0.6345653377630122
0.1,0.4,0.2,0.3,0.17558139534883718,0.13372093023255816,0.43947951273532665,0.6163344407530453
0.1,0.4,0.3,0.2,0.17558139534883718,0.13372093023255816,0.43947951273532665,0.614784053156146
0.1,0.4,0.0,0.5,0.17558139534883718,0.13313953488372093,0.43947951273532665,0.6150609080841639
0.1,0.4,0.1,0.4,0.17558139534883718,0.13139534883720932,0.43947951273532665,0.6076965669988925
0.1,0.4,0.4,0.1,0.17558139534883718,0.13139534883720932,0.43947951273532665,0.6008305647840531
0.1,0.4,0.5,0.0,0.17558139534883718,0.1302325581395349,0.43947951273532665,0.5946290143964562
0.2,0.5,0.2,0.1,0.17441860465116277,0.14011627906976742,0.4371539313399779,0.6417220376522702
0.2,0.5,0.3,0.0,0.17441860465116277,0.14011627906976742,0.4371539313399779,0.6410575858250277
0.2,0.4,0.0,0.4,0.17441860465116277,0.13779069767441865,0.43347176079734223,0.6294158361018827
0.2,0.6,0.2,0.0,0.17325581395348835,0.14011627906976742,0.4342469545957918,0.6414451827242525
0.2,0.5,0.1,0.2,0.17325581395348835,0.13953488372093026,0.43327796234772986,0.6363925802879291
0.1,0.5,0.3,0.1,0.17325581395348835,0.1325581395348837,0.4342469545957918,0.610797342192691
0.1,0.5,0.4,0.0,0.17325581395348835,0.1325581395348837,0.4342469545957918,0.6101328903654484
0.1,0.5,0.2,0.2,0.17325581395348835,0.13197674418604652,0.4342469545957918,0.6084717607973421
0.1,0.5,0.0,0.4,0.17325581395348835,0.1313953488372093,0.4342469545957918,0.6075027685492802
0.1,0.5,0.1,0.3,0.17325581395348835,0.1308139534883721,0.4342469545957918,0.6042081949058692
0.0,0.4,0.4,0.2,0.17325581395348835,0.11918604651162792,0.4342469545957918,0.5570321151716499
0.0,0.4,0.3,0.3,0.17325581395348835,0.11686046511627908,0.4342469545957918,0.5490725359911406
0.0,0.4,0.5,0.1,0.17325581395348835,0.11627906976744189,0.4342469545957918,0.5481035437430785
0.0,0.4,0.2,0.4,0.17325581395348835,0.11569767441860467,0.4342469545957918,0.5451965669988925
0.0,0.4,0.6,0.0,0.17325581395348835,0.11511627906976747,0.4342469545957918,0.5425664451827241
0.0,0.4,0.1,0.5,0.17325581395348835,0.11511627906976744,0.4342469545957918,0.5435354374307863
0.0,0.4,0.0,0.6,0.17325581395348835,0.11453488372093022,0.4342469545957918,0.5411129568106311
0.2,0.6,0.1,0.1,0.17209302325581394,0.13953488372093023,0.4303709856035438,0.6391888150609081
0.1,0.6,0.3,0.0,0.17209302325581394,0.13197674418604652,0.4303709856035438,0.6084717607973421
0.1,0.6,0.2,0.1,0.17209302325581394,0.13139534883720932,0.4303709856035438,0.6065337763012181
0.1,0.6,0.1,0.2,0.17209302325581394,0.1302325581395349,0.4303709856035438,0.6026578073089701
0.1,0.6,0.0,0.3,0.17209302325581394,0.1296511627906977,0.4303709856035438,0.602547065337763
0.0,0.5,0.3,0.2,0.17209302325581394,0.11627906976744189,0.4303709856035438,0.5510105204872645
0.0,0.5,0.2,0.3,0.17209302325581394,0.11627906976744186,0.4303709856035438,0.5508028792912513
0.0,0.5,0.1,0.4,0.17209302325581394,0.11569767441860467,0.4303709856035438,0.5488648947951272
0.0,0.5,0.0,0.5,0.17209302325581394,0.11395348837209303,0.4303709856035438,0.5426633444075304
0.1,0.7,0.1,0.1,0.17093023255813952,0.1308139534883721,0.4264950166112957,0.6100221483942413
0.1,0.7,0.0,0.2,0.17093023255813952,0.1308139534883721,0.4264950166112957,0.6096345514950166
0.1,0.7,0.2,0.0,0.17093023255813952,0.1302325581395349,0.4264950166112957,0.6057585825027686
0.0,0.7,0.2,0.1,0.17093023255813952,0.12093023255813953,0.4264950166112957,0.5674972314507197
0.0,0.5,0.5,0.0,0.17093023255813952,0.11918604651162792,0.4264950166112957,0.5613925802879289
0.0,0.7,0.1,0.2,0.17093023255813952,0.11860465116279072,0.4264950166112957,0.5606866002214839
0.0,0.6,0.2,0.2,0.17093023255813952,0.11744186046511627,0.4264950166112957,0.5546788482834993
0.0,0.7,0.3,0.0,0.17093023255813952,0.11744186046511627,0.4264950166112957,0.5546788482834993
0.0,0.6,0.0,0.4,0.17093023255813952,0.1168604651162791,0.4264950166112957,0.5553571428571428
0.0,0.6,0.3,0.1,0.17093023255813952,0.11686046511627908,0.4264950166112957,0.5527408637873753
0.0,0.5,0.4,0.1,0.17093023255813952,0.11686046511627908,0.4264950166112957,0.5490725359911406
0.0,0.7,0.0,0.3,0.17093023255813952,0.11627906976744189,0.4264950166112957,0.5534191583610187
0.0,0.6,0.1,0.3,0.17093023255813952,0.11627906976744189,0.4264950166112957,0.5508028792912513
0.0,0.6,0.4,0.0,0.17093023255813952,0.11627906976744186,0.4264950166112957,0.5508028792912513
0.2,0.5,0.0,0.3,0.1709302325581395,0.13837209302325587,0.4264950166112957,0.632405869324474
0.2,0.7,0.0,0.1,0.1709302325581395,0.13837209302325582,0.4264950166112957,0.6388012181616833
0.2,0.6,0.0,0.2,0.1709302325581395,0.13779069767441865,0.4264950166112957,0.6304678848283499
0.2,0.7,0.1,0.0,0.1697674418604651,0.14011627906976745,0.42358803986710963,0.6452104097452934
0.1,0.8,0.1,-0.0,0.1697674418604651,0.1313953488372093,0.42358803986710963,0.6129291251384273
0.1,0.8,0.0,0.1,0.1697674418604651,0.1308139534883721,0.42358803986710963,0.6086655592469546
0.0,0.8,0.2,-0.0,0.1697674418604651,0.12093023255813953,0.42358803986710963,0.5676079734219268
0.0,0.8,0.1,0.1,0.1697674418604651,0.11802325581395351,0.42358803986710963,0.5586794019933555
0.0,0.8,0.0,0.2,0.1697674418604651,0.11802325581395351,0.42358803986710963,0.5586794019933554
0.2,0.8,0.0,0.0,0.16860465116279066,0.13720930232558137,0.4225083056478405,0.6351328903654484
0.0,0.9,0.0,0.1,0.16744186046511625,0.11918604651162792,0.4182724252491694,0.562001661129568
0.0,0.9,0.1,-0.0,0.16744186046511625,0.11860465116279072,0.4182724252491694,0.5603405315614617
0.0,1.0,0.0,0.0,0.16627906976744186,0.1168604651162791,0.4159468438538206,0.5530869324473976
0.1,0.9,0.0,0.0,0.16511627906976742,0.1296511627906977,0.41428571428571426,0.6040143964562569
