bairro,assigned_faction,vehicle_theft_total,vehicle_spikes,cvli_total,trigger_score,max_lagged_corr,best_lag_days
Aerolândia,COMANDO VERMELHO,3,3,0.0,0.0,0.0,0
Aeroporto,CONTESTED,11,11,0.0,0.0,0.0,0
Aldeota,PRIMEIRO COMANDO DA CAPITAL,15,15,0.0,0.0,0.0,0
Alto Da Balança,COMANDO VERMELHO,1,1,0.0,0.0,0.0,0
Amadeu Furtado,SEM_CONTROLE,3,3,0.0,0.0,0.0,0
Ancuri,COMANDO VERMELHO,23,21,4.0,0.0,-0.0063213092234734505,14
Antônio Bezerra,SEM_CONTROLE,31,30,0.0,0.0,0.0,0
Aracapé,COMANDO VERMELHO,11,11,0.0,0.0,0.0,0
Autran Nunes,SEM_CONTROLE,7,7,0.0,0.0,0.0,0
Barra Do Ceará,COMANDO VERMELHO,7,7,0.0,0.0,0.0,0
Barroso,COMANDO VERMELHO,17,17,0.0,0.0,0.0,0
Bela Vista,CONTESTED,22,20,0.0,0.0,0.0,0
Benfica,COMANDO VERMELHO,13,13,0.0,0.0,0.0,0
Boa Vista/Castelão,SEM_CONTROLE,0,0,0.0,0.0,0.0,0
Bom Futuro,SEM_CONTROLE,1,1,0.0,0.0,0.0,0
Bom Jardim,COMANDO VERMELHO,108,78,0.0,0.0,0.0,0
Bonsucesso,COMANDO VERMELHO,25,25,0.0,0.0,0.0,0
Cais Do Porto,SEM_CONTROLE,4,4,14.0,0.0,-0.005129101245588329,14
Cajazeiras,COMANDO VERMELHO,13,13,0.0,0.0,0.0,0
Cambeba,SEM_CONTROLE,6,6,0.0,0.0,0.0,0
Canindezinho,CONTESTED,44,44,14.0,0.09090909090909091,0.06509131511121152,2
Cararu,SEM_CONTROLE,4,4,0.0,0.0,0.0,0
Carlito Pamplona,COMANDO VERMELHO,24,24,0.0,0.0,0.0,0
Centro,CONTESTED,643,68,0.0,0.0,0.0,0
Cidade 2000,COMANDO VERMELHO,1,1,0.0,0.0,0.0,0
Cidade Dos Funcionários,SEM_CONTROLE,4,4,0.0,0.0,0.0,0
Coaçu,COMANDO VERMELHO,3,3,0.0,0.0,0.0,0
Cocó,COMANDO VERMELHO,1,1,0.0,0.0,0.0,0
Conjunto Ceará I,COMANDO VERMELHO,0,0,0.0,0.0,0.0,0
Conjunto Ceará Ii,COMANDO VERMELHO,0,0,0.0,0.0,0.0,0
Conjunto Esperança,CONTESTED,12,11,0.0,0.0,0.0,0
Conjunto Palmeiras,SEM_CONTROLE,15,15,0.0,0.0,0.0,0
Couto Fernandes,SEM_CONTROLE,2,2,0.0,0.0,0.0,0
Cristo Redentor,COMANDO VERMELHO,14,12,0.0,0.0,0.0,0
Curió,COMANDO VERMELHO,6,6,0.0,0.0,0.0,0
Damas,SEM_CONTROLE,16,16,0.0,0.0,0.0,0
Demócrito Rocha,SEM_CONTROLE,4,4,0.0,0.0,0.0,0
Dias Macêdo,SEM_CONTROLE,0,0,0.0,0.0,0.0,0
Dionísio Torres,SEM_CONTROLE,3,3,0.0,0.0,0.0,0
Dom Lustosa,COMANDO VERMELHO,3,3,0.0,0.0,0.0,0
Edson Queiroz,COMANDO VERMELHO,21,21,0.0,0.0,0.0,0
Ellery,COMANDO VERMELHO,1,1,0.0,0.0,0.0,0
Engenheiro Luciano Cavalcante,SEM_CONTROLE,0,0,0.0,0.0,0.0,0
Farias Brito,COMANDO VERMELHO,2,2,0.0,0.0,0.0,0
Floresta,SEM_CONTROLE,20,20,0.0,0.0,0.0,0
Fátima,CONTESTED,8,8,0.0,0.0,0.0,0
Genibaú,COMANDO VERMELHO,19,18,0.0,0.0,0.0,0
Granja Lisboa,COMANDO VERMELHO,58,54,0.0,0.0,0.0,0
Granja Portugal,COMANDO VERMELHO,23,23,0.0,0.0,0.0,0
Guajeru,SEM_CONTROLE,1,1,0.0,0.0,0.0,0
Henrique Jorge,SEM_CONTROLE,21,21,0.0,0.0,0.0,0
Itaoca,COMANDO VERMELHO,2,2,0.0,0.0,0.0,0
Itaperi,COMANDO VERMELHO,7,7,0.0,0.0,0.0,0
Jacarecanga,SEM_CONTROLE,16,16,0.0,0.0,0.0,0
Jangurussu,COMANDO VERMELHO,39,39,0.0,0.0,0.0,0
Jardim América,COMANDO VERMELHO,7,7,0.0,0.0,0.0,0
Jardim Cearense,SEM_CONTROLE,0,0,0.0,0.0,0.0,0
Jardim Das Oliveiras,COMANDO VERMELHO,3,3,0.0,0.0,0.0,0
Jardim Guanabara,COMANDO VERMELHO,6,6,0.0,0.0,0.0,0
Jardim Iracema,COMANDO VERMELHO,20,20,0.0,0.0,0.0,0
Joaquim Távora,SEM_CONTROLE,5,5,5.0,0.0,0.19727148703956346,11
José Bonifácio,SEM_CONTROLE,0,0,0.0,0.0,0.0,0
José De Alencar,COMANDO VERMELHO,2,2,0.0,0.0,0.0,0
João Xxiii,COMANDO VERMELHO,0,0,0.0,0.0,0.0,0
Jóquei Clube,SEM_CONTROLE,10,9,0.0,0.0,0.0,0
Lagoa Redonda,SEM_CONTROLE,1,1,0.0,0.0,0.0,0
Manoel Sátiro,SEM_CONTROLE,0,0,0.0,0.0,0.0,0
Manuel Dias Branco,SEM_CONTROLE,1,1,0.0,0.0,0.0,0
Maraponga,COMANDO VERMELHO,10,10,0.0,0.0,0.0,0
Meireles,SEM_CONTROLE,4,4,0.0,0.0,0.0,0
Messejana,CONTESTED,22,21,0.0,0.0,0.0,0
Mondubim,COMANDO VERMELHO,25,25,0.0,0.0,0.0,0
Monte Castelo,SEM_CONTROLE,18,18,0.0,0.0,0.0,0
Montese,COMANDO VERMELHO,7,7,0.0,0.0,0.0,0
Moura Brasil,COMANDO VERMELHO,10,10,0.0,0.0,0.0,0
Mucuripe,COMANDO VERMELHO,2,2,0.0,0.0,0.0,0
Novo Mondubim,COMANDO VERMELHO,3,3,0.0,0.0,0.0,0
Olavo Oliveira,SEM_CONTROLE,2,2,0.0,0.0,0.0,0
Padre Andrade,COMANDO VERMELHO,11,11,0.0,0.0,0.0,0
Panamericano,SEM_CONTROLE,7,7,0.0,0.0,0.0,0
Papicu,COMANDO VERMELHO,8,8,19.0,0.125,0.06982253936697692,2
Parangaba,COMANDO VERMELHO,11,10,21.0,0.1,0.11704937644212271,14
Parque Araxá,COMANDO VERMELHO,4,4,0.0,0.0,0.0,0
Parque Dois Irmăos,SEM_CONTROLE,0,0,0.0,0.0,0.0,0
Parque Iracema,CONTESTED,2,2,0.0,0.0,0.0,0
Parque Manibura,SEM_CONTROLE,2,2,0.0,0.0,0.0,0
Parque Presidente Vargas,COMANDO VERMELHO,1,1,0.0,0.0,0.0,0
Parque Santa Maria,SEM_CONTROLE,0,0,0.0,0.0,0.0,0
Parque Santa Rosa,COMANDO VERMELHO,2,2,2.0,0.0,-0.001364256480218281,14
Parque Săo José,SEM_CONTROLE,0,0,0.0,0.0,0.0,0
Parquelândia,COMANDO VERMELHO,19,19,0.0,0.0,0.0,0
Parreão,SEM_CONTROLE,1,1,0.0,0.0,0.0,0
Passaré,COMANDO VERMELHO,35,32,0.0,0.0,0.0,0
Paupina,COMANDO VERMELHO,18,17,0.0,0.0,0.0,0
Pedras,CONTESTED,12,12,0.0,0.0,0.0,0
Pici,COMANDO VERMELHO,11,11,0.0,0.0,0.0,0
Pirambu,COMANDO VERMELHO,13,13,0.0,0.0,0.0,0
Planalto Ayrton Senna,COMANDO VERMELHO,11,11,0.0,0.0,0.0,0
Praia De Iracema,SEM_CONTROLE,0,0,4.0,0.0,0.0,0
Praia Do Futuro I,SEM_CONTROLE,0,0,0.0,0.0,0.0,0
Praia Do Futuro Ii,SEM_CONTROLE,0,0,16.0,0.0,0.0,0
Precabura,COMANDO VERMELHO,6,6,2.0,0.0,-0.0023661918358208883,14
Prefeito José Walter,SEM_CONTROLE,1,1,0.0,0.0,0.0,0
Presidente Kennedy,COMANDO VERMELHO,9,8,0.0,0.0,0.0,0
Quintino Cunha,COMANDO VERMELHO,33,25,0.0,0.0,0.0,0
Rachel De Queiroz,CONTESTED,0,0,0.0,0.0,0.0,0
Rodolfo Teófilo,SEM_CONTROLE,6,6,0.0,0.0,0.0,0
Sabiaguaba,COMANDO VERMELHO,2,2,0.0,0.0,0.0,0
Salinas,COMANDO VERMELHO,1,1,0.0,0.0,0.0,0
Sapiranga / Coité,SEM_CONTROLE,0,0,0.0,0.0,0.0,0
Serrinha,COMANDO VERMELHO,5,5,0.0,0.0,0.0,0
Siqueira,COMANDO VERMELHO,26,25,0.0,0.0,0.0,0
São Bento,CONTESTED,3,3,0.0,0.0,0.0,0
São Gerardo,MASSA,14,14,0.0,0.0,0.0,0
São João Do Tauape,SEM_CONTROLE,3,3,0.0,0.0,0.0,0
Varjota,CONTESTED,5,5,33.0,0.0,0.07001987693975002,12
Vicente Pinzón,SEM_CONTROLE,0,0,0.0,0.0,0.0,0
Vila Peri,CONTESTED,8,7,0.0,0.0,0.0,0
Vila Uniăo,SEM_CONTROLE,0,0,0.0,0.0,0.0,0
Vila Velha,COMANDO VERMELHO,21,21,0.0,0.0,0.0,0
Álvaro Weyne,COMANDO VERMELHO,14,14,0.0,0.0,0.0,0
