pred_date,family,p10,p20,r10,r20
2026-03-01,BASELINE_MIX,0.3,0.3,0.42857142857142855,0.8571428571428571
2026-03-01,SHORT12_RERANK,0.3,0.3,0.42857142857142855,0.8571428571428571
2026-03-01,SHORT12_MIX,0.2,0.3,0.2857142857142857,0.8571428571428571
2026-03-01,SHORT15_RERANK,0.4,0.3,0.5714285714285714,0.8571428571428571
2026-03-01,SHORT15_MIX,0.3,0.3,0.42857142857142855,0.8571428571428571
2026-03-01,SHORT20_RERANK,0.4,0.3,0.5714285714285714,0.8571428571428571
2026-03-01,SHORT20_MIX,0.3,0.25,0.42857142857142855,0.7142857142857143
2026-03-01,SHORT25_RERANK,0.3,0.3,0.42857142857142855,0.8571428571428571
2026-03-01,SHORT25_MIX,0.3,0.25,0.42857142857142855,0.7142857142857143
2026-03-02,BASELINE_MIX,0.2,0.25,0.3333333333333333,0.8333333333333334
2026-03-02,SHORT12_RERANK,0.2,0.25,0.3333333333333333,0.8333333333333334
2026-03-02,SHORT12_MIX,0.1,0.25,0.16666666666666666,0.8333333333333334
2026-03-02,SHORT15_RERANK,0.2,0.25,0.3333333333333333,0.8333333333333334
2026-03-02,SHORT15_MIX,0.2,0.2,0.3333333333333333,0.6666666666666666
2026-03-02,SHORT20_RERANK,0.3,0.25,0.5,0.8333333333333334
2026-03-02,SHORT20_MIX,0.2,0.25,0.3333333333333333,0.8333333333333334
2026-03-02,SHORT25_RERANK,0.2,0.25,0.3333333333333333,0.8333333333333334
2026-03-02,SHORT25_MIX,0.2,0.2,0.3333333333333333,0.6666666666666666
2026-03-03,BASELINE_MIX,0.2,0.25,0.3333333333333333,0.8333333333333334
2026-03-03,SHORT12_RERANK,0.2,0.25,0.3333333333333333,0.8333333333333334
2026-03-03,SHORT12_MIX,0.1,0.25,0.16666666666666666,0.8333333333333334
2026-03-03,SHORT15_RERANK,0.2,0.25,0.3333333333333333,0.8333333333333334
2026-03-03,SHORT15_MIX,0.2,0.2,0.3333333333333333,0.6666666666666666
2026-03-03,SHORT20_RERANK,0.3,0.25,0.5,0.8333333333333334
2026-03-03,SHORT20_MIX,0.2,0.25,0.3333333333333333,0.8333333333333334
2026-03-03,SHORT25_RERANK,0.2,0.25,0.3333333333333333,0.8333333333333334
2026-03-03,SHORT25_MIX,0.2,0.2,0.3333333333333333,0.6666666666666666
2026-03-04,BASELINE_MIX,0.2,0.25,0.3333333333333333,0.8333333333333334
2026-03-04,SHORT12_RERANK,0.2,0.25,0.3333333333333333,0.8333333333333334
2026-03-04,SHORT12_MIX,0.2,0.25,0.3333333333333333,0.8333333333333334
2026-03-04,SHORT15_RERANK,0.2,0.25,0.3333333333333333,0.8333333333333334
2026-03-04,SHORT15_MIX,0.2,0.2,0.3333333333333333,0.6666666666666666
2026-03-04,SHORT20_RERANK,0.3,0.25,0.5,0.8333333333333334
2026-03-04,SHORT20_MIX,0.2,0.25,0.3333333333333333,0.8333333333333334
2026-03-04,SHORT25_RERANK,0.2,0.25,0.3333333333333333,0.8333333333333334
2026-03-04,SHORT25_MIX,0.2,0.2,0.3333333333333333,0.6666666666666666
2026-03-05,BASELINE_MIX,0.2,0.25,0.3333333333333333,0.8333333333333334
2026-03-05,SHORT12_RERANK,0.2,0.25,0.3333333333333333,0.8333333333333334
2026-03-05,SHORT12_MIX,0.2,0.25,0.3333333333333333,0.8333333333333334
2026-03-05,SHORT15_RERANK,0.2,0.25,0.3333333333333333,0.8333333333333334
2026-03-05,SHORT15_MIX,0.2,0.2,0.3333333333333333,0.6666666666666666
2026-03-05,SHORT20_RERANK,0.3,0.25,0.5,0.8333333333333334
2026-03-05,SHORT20_MIX,0.2,0.25,0.3333333333333333,0.8333333333333334
2026-03-05,SHORT25_RERANK,0.2,0.25,0.3333333333333333,0.8333333333333334
2026-03-05,SHORT25_MIX,0.2,0.2,0.3333333333333333,0.6666666666666666
2026-03-06,BASELINE_MIX,0.2,0.25,0.3333333333333333,0.8333333333333334
2026-03-06,SHORT12_RERANK,0.2,0.25,0.3333333333333333,0.8333333333333334
2026-03-06,SHORT12_MIX,0.2,0.25,0.3333333333333333,0.8333333333333334
2026-03-06,SHORT15_RERANK,0.2,0.25,0.3333333333333333,0.8333333333333334
2026-03-06,SHORT15_MIX,0.2,0.2,0.3333333333333333,0.6666666666666666
2026-03-06,SHORT20_RERANK,0.3,0.25,0.5,0.8333333333333334
2026-03-06,SHORT20_MIX,0.2,0.25,0.3333333333333333,0.8333333333333334
2026-03-06,SHORT25_RERANK,0.2,0.25,0.3333333333333333,0.8333333333333334
2026-03-06,SHORT25_MIX,0.2,0.2,0.3333333333333333,0.6666666666666666
2026-03-07,BASELINE_MIX,0.2,0.2,0.4,0.8
2026-03-07,SHORT12_RERANK,0.1,0.2,0.2,0.8
2026-03-07,SHORT12_MIX,0.1,0.2,0.2,0.8
2026-03-07,SHORT15_RERANK,0.1,0.2,0.2,0.8
2026-03-07,SHORT15_MIX,0.2,0.2,0.4,0.8
2026-03-07,SHORT20_RERANK,0.2,0.2,0.4,0.8
2026-03-07,SHORT20_MIX,0.2,0.15,0.4,0.6
2026-03-07,SHORT25_RERANK,0.1,0.2,0.2,0.8
2026-03-07,SHORT25_MIX,0.2,0.15,0.4,0.6
2026-03-08,BASELINE_MIX,0.2,0.2,0.4,0.8
2026-03-08,SHORT12_RERANK,0.1,0.2,0.2,0.8
2026-03-08,SHORT12_MIX,0.1,0.2,0.2,0.8
2026-03-08,SHORT15_RERANK,0.1,0.2,0.2,0.8
2026-03-08,SHORT15_MIX,0.2,0.2,0.4,0.8
2026-03-08,SHORT20_RERANK,0.2,0.2,0.4,0.8
2026-03-08,SHORT20_MIX,0.2,0.15,0.4,0.6
2026-03-08,SHORT25_RERANK,0.1,0.2,0.2,0.8
2026-03-08,SHORT25_MIX,0.2,0.15,0.4,0.6
2026-03-09,BASELINE_MIX,0.3,0.3,0.5,1.0
2026-03-09,SHORT12_RERANK,0.2,0.25,0.3333333333333333,0.8333333333333334
2026-03-09,SHORT12_MIX,0.3,0.3,0.5,1.0
2026-03-09,SHORT15_RERANK,0.2,0.25,0.3333333333333333,0.8333333333333334
2026-03-09,SHORT15_MIX,0.3,0.3,0.5,1.0
2026-03-09,SHORT20_RERANK,0.3,0.25,0.5,0.8333333333333334
2026-03-09,SHORT20_MIX,0.3,0.25,0.5,0.8333333333333334
2026-03-09,SHORT25_RERANK,0.2,0.25,0.3333333333333333,0.8333333333333334
2026-03-09,SHORT25_MIX,0.3,0.25,0.5,0.8333333333333334
2026-03-10,BASELINE_MIX,0.3,0.3,0.5,1.0
2026-03-10,SHORT12_RERANK,0.2,0.25,0.3333333333333333,0.8333333333333334
2026-03-10,SHORT12_MIX,0.3,0.3,0.5,1.0
2026-03-10,SHORT15_RERANK,0.2,0.25,0.3333333333333333,0.8333333333333334
2026-03-10,SHORT15_MIX,0.3,0.3,0.5,1.0
2026-03-10,SHORT20_RERANK,0.3,0.25,0.5,0.8333333333333334
2026-03-10,SHORT20_MIX,0.3,0.25,0.5,0.8333333333333334
2026-03-10,SHORT25_RERANK,0.2,0.25,0.3333333333333333,0.8333333333333334
2026-03-10,SHORT25_MIX,0.3,0.25,0.5,0.8333333333333334
2026-03-11,BASELINE_MIX,0.4,0.35,0.5714285714285714,1.0
2026-03-11,SHORT12_RERANK,0.3,0.3,0.42857142857142855,0.8571428571428571
2026-03-11,SHORT12_MIX,0.4,0.35,0.5714285714285714,1.0
2026-03-11,SHORT15_RERANK,0.3,0.3,0.42857142857142855,0.8571428571428571
2026-03-11,SHORT15_MIX,0.4,0.35,0.5714285714285714,1.0
2026-03-11,SHORT20_RERANK,0.4,0.3,0.5714285714285714,0.8571428571428571
2026-03-11,SHORT20_MIX,0.4,0.3,0.5714285714285714,0.8571428571428571
2026-03-11,SHORT25_RERANK,0.3,0.3,0.42857142857142855,0.8571428571428571
2026-03-11,SHORT25_MIX,0.4,0.3,0.5714285714285714,0.8571428571428571
2026-03-12,BASELINE_MIX,0.4,0.3,0.5714285714285714,0.8571428571428571
2026-03-12,SHORT12_RERANK,0.3,0.25,0.42857142857142855,0.7142857142857143
2026-03-12,SHORT12_MIX,0.4,0.3,0.5714285714285714,0.8571428571428571
2026-03-12,SHORT15_RERANK,0.3,0.25,0.42857142857142855,0.7142857142857143
2026-03-12,SHORT15_MIX,0.4,0.3,0.5714285714285714,0.8571428571428571
2026-03-12,SHORT20_RERANK,0.3,0.25,0.42857142857142855,0.7142857142857143
2026-03-12,SHORT20_MIX,0.4,0.25,0.5714285714285714,0.7142857142857143
2026-03-12,SHORT25_RERANK,0.3,0.25,0.42857142857142855,0.7142857142857143
2026-03-12,SHORT25_MIX,0.4,0.25,0.5714285714285714,0.7142857142857143
2026-03-13,BASELINE_MIX,0.4,0.25,0.5714285714285714,0.7142857142857143
2026-03-13,SHORT12_RERANK,0.3,0.25,0.42857142857142855,0.7142857142857143
2026-03-13,SHORT12_MIX,0.3,0.25,0.42857142857142855,0.7142857142857143
2026-03-13,SHORT15_RERANK,0.3,0.2,0.42857142857142855,0.5714285714285714
2026-03-13,SHORT15_MIX,0.4,0.25,0.5714285714285714,0.7142857142857143
2026-03-13,SHORT20_RERANK,0.3,0.2,0.42857142857142855,0.5714285714285714
2026-03-13,SHORT20_MIX,0.4,0.25,0.5714285714285714,0.7142857142857143
2026-03-13,SHORT25_RERANK,0.3,0.25,0.42857142857142855,0.7142857142857143
2026-03-13,SHORT25_MIX,0.4,0.3,0.5714285714285714,0.8571428571428571
2026-03-14,BASELINE_MIX,0.4,0.25,0.5714285714285714,0.7142857142857143
2026-03-14,SHORT12_RERANK,0.3,0.25,0.42857142857142855,0.7142857142857143
2026-03-14,SHORT12_MIX,0.3,0.25,0.42857142857142855,0.7142857142857143
2026-03-14,SHORT15_RERANK,0.3,0.2,0.42857142857142855,0.5714285714285714
2026-03-14,SHORT15_MIX,0.4,0.25,0.5714285714285714,0.7142857142857143
2026-03-14,SHORT20_RERANK,0.3,0.2,0.42857142857142855,0.5714285714285714
2026-03-14,SHORT20_MIX,0.4,0.25,0.5714285714285714,0.7142857142857143
2026-03-14,SHORT25_RERANK,0.3,0.25,0.42857142857142855,0.7142857142857143
2026-03-14,SHORT25_MIX,0.4,0.3,0.5714285714285714,0.8571428571428571
2026-03-15,BASELINE_MIX,0.4,0.25,0.5714285714285714,0.7142857142857143
2026-03-15,SHORT12_RERANK,0.3,0.25,0.42857142857142855,0.7142857142857143
2026-03-15,SHORT12_MIX,0.3,0.25,0.42857142857142855,0.7142857142857143
2026-03-15,SHORT15_RERANK,0.3,0.2,0.42857142857142855,0.5714285714285714
2026-03-15,SHORT15_MIX,0.4,0.25,0.5714285714285714,0.7142857142857143
2026-03-15,SHORT20_RERANK,0.3,0.2,0.42857142857142855,0.5714285714285714
2026-03-15,SHORT20_MIX,0.4,0.25,0.5714285714285714,0.7142857142857143
2026-03-15,SHORT25_RERANK,0.3,0.25,0.42857142857142855,0.7142857142857143
2026-03-15,SHORT25_MIX,0.4,0.3,0.5714285714285714,0.8571428571428571
2026-03-16,BASELINE_MIX,0.4,0.25,0.5714285714285714,0.7142857142857143
2026-03-16,SHORT12_RERANK,0.3,0.25,0.42857142857142855,0.7142857142857143
2026-03-16,SHORT12_MIX,0.3,0.25,0.42857142857142855,0.7142857142857143
2026-03-16,SHORT15_RERANK,0.3,0.2,0.42857142857142855,0.5714285714285714
2026-03-16,SHORT15_MIX,0.4,0.25,0.5714285714285714,0.7142857142857143
2026-03-16,SHORT20_RERANK,0.3,0.2,0.42857142857142855,0.5714285714285714
2026-03-16,SHORT20_MIX,0.4,0.25,0.5714285714285714,0.7142857142857143
2026-03-16,SHORT25_RERANK,0.3,0.25,0.42857142857142855,0.7142857142857143
2026-03-16,SHORT25_MIX,0.4,0.3,0.5714285714285714,0.8571428571428571
2026-03-17,BASELINE_MIX,0.4,0.25,0.5714285714285714,0.7142857142857143
2026-03-17,SHORT12_RERANK,0.3,0.25,0.42857142857142855,0.7142857142857143
2026-03-17,SHORT12_MIX,0.3,0.25,0.42857142857142855,0.7142857142857143
2026-03-17,SHORT15_RERANK,0.3,0.2,0.42857142857142855,0.5714285714285714
2026-03-17,SHORT15_MIX,0.4,0.25,0.5714285714285714,0.7142857142857143
2026-03-17,SHORT20_RERANK,0.3,0.2,0.42857142857142855,0.5714285714285714
2026-03-17,SHORT20_MIX,0.4,0.25,0.5714285714285714,0.7142857142857143
2026-03-17,SHORT25_RERANK,0.3,0.25,0.42857142857142855,0.7142857142857143
2026-03-17,SHORT25_MIX,0.4,0.3,0.5714285714285714,0.8571428571428571
2026-03-18,BASELINE_MIX,0.4,0.25,0.5714285714285714,0.7142857142857143
2026-03-18,SHORT12_RERANK,0.3,0.25,0.42857142857142855,0.7142857142857143
2026-03-18,SHORT12_MIX,0.3,0.25,0.42857142857142855,0.7142857142857143
2026-03-18,SHORT15_RERANK,0.3,0.2,0.42857142857142855,0.5714285714285714
2026-03-18,SHORT15_MIX,0.4,0.25,0.5714285714285714,0.7142857142857143
2026-03-18,SHORT20_RERANK,0.3,0.2,0.42857142857142855,0.5714285714285714
2026-03-18,SHORT20_MIX,0.4,0.25,0.5714285714285714,0.7142857142857143
2026-03-18,SHORT25_RERANK,0.3,0.25,0.42857142857142855,0.7142857142857143
2026-03-18,SHORT25_MIX,0.4,0.3,0.5714285714285714,0.8571428571428571
2026-03-19,BASELINE_MIX,0.3,0.2,0.5,0.6666666666666666
2026-03-19,SHORT12_RERANK,0.3,0.2,0.5,0.6666666666666666
2026-03-19,SHORT12_MIX,0.3,0.2,0.5,0.6666666666666666
2026-03-19,SHORT15_RERANK,0.3,0.2,0.5,0.6666666666666666
2026-03-19,SHORT15_MIX,0.3,0.2,0.5,0.6666666666666666
2026-03-19,SHORT20_RERANK,0.3,0.2,0.5,0.6666666666666666
2026-03-19,SHORT20_MIX,0.3,0.2,0.5,0.6666666666666666
2026-03-19,SHORT25_RERANK,0.3,0.25,0.5,0.8333333333333334
2026-03-19,SHORT25_MIX,0.3,0.25,0.5,0.8333333333333334
2026-03-20,BASELINE_MIX,0.3,0.2,0.5,0.6666666666666666
2026-03-20,SHORT12_RERANK,0.3,0.2,0.5,0.6666666666666666
2026-03-20,SHORT12_MIX,0.3,0.2,0.5,0.6666666666666666
2026-03-20,SHORT15_RERANK,0.3,0.2,0.5,0.6666666666666666
2026-03-20,SHORT15_MIX,0.3,0.2,0.5,0.6666666666666666
2026-03-20,SHORT20_RERANK,0.3,0.2,0.5,0.6666666666666666
2026-03-20,SHORT20_MIX,0.3,0.2,0.5,0.6666666666666666
2026-03-20,SHORT25_RERANK,0.3,0.25,0.5,0.8333333333333334
2026-03-20,SHORT25_MIX,0.3,0.25,0.5,0.8333333333333334
2026-03-21,BASELINE_MIX,0.3,0.2,0.5,0.6666666666666666
2026-03-21,SHORT12_RERANK,0.3,0.2,0.5,0.6666666666666666
2026-03-21,SHORT12_MIX,0.3,0.2,0.5,0.6666666666666666
2026-03-21,SHORT15_RERANK,0.3,0.2,0.5,0.6666666666666666
2026-03-21,SHORT15_MIX,0.3,0.2,0.5,0.6666666666666666
2026-03-21,SHORT20_RERANK,0.3,0.2,0.5,0.6666666666666666
2026-03-21,SHORT20_MIX,0.3,0.2,0.5,0.6666666666666666
2026-03-21,SHORT25_RERANK,0.3,0.25,0.5,0.8333333333333334
2026-03-21,SHORT25_MIX,0.3,0.25,0.5,0.8333333333333334
2026-03-22,BASELINE_MIX,0.3,0.2,0.5,0.6666666666666666
2026-03-22,SHORT12_RERANK,0.3,0.2,0.5,0.6666666666666666
2026-03-22,SHORT12_MIX,0.3,0.2,0.5,0.6666666666666666
2026-03-22,SHORT15_RERANK,0.3,0.2,0.5,0.6666666666666666
2026-03-22,SHORT15_MIX,0.3,0.2,0.5,0.6666666666666666
2026-03-22,SHORT20_RERANK,0.3,0.2,0.5,0.6666666666666666
2026-03-22,SHORT20_MIX,0.3,0.2,0.5,0.6666666666666666
2026-03-22,SHORT25_RERANK,0.3,0.25,0.5,0.8333333333333334
2026-03-22,SHORT25_MIX,0.3,0.25,0.5,0.8333333333333334
2026-03-23,BASELINE_MIX,0.4,0.2,0.6666666666666666,0.6666666666666666
2026-03-23,SHORT12_RERANK,0.3,0.2,0.5,0.6666666666666666
2026-03-23,SHORT12_MIX,0.3,0.2,0.5,0.6666666666666666
2026-03-23,SHORT15_RERANK,0.3,0.2,0.5,0.6666666666666666
2026-03-23,SHORT15_MIX,0.4,0.2,0.6666666666666666,0.6666666666666666
2026-03-23,SHORT20_RERANK,0.3,0.2,0.5,0.6666666666666666
2026-03-23,SHORT20_MIX,0.4,0.2,0.6666666666666666,0.6666666666666666
2026-03-23,SHORT25_RERANK,0.3,0.25,0.5,0.8333333333333334
2026-03-23,SHORT25_MIX,0.4,0.25,0.6666666666666666,0.8333333333333334
2026-03-24,BASELINE_MIX,0.5,0.25,0.625,0.625
2026-03-24,SHORT12_RERANK,0.4,0.25,0.5,0.625
2026-03-24,SHORT12_MIX,0.4,0.25,0.5,0.625
2026-03-24,SHORT15_RERANK,0.4,0.25,0.5,0.625
2026-03-24,SHORT15_MIX,0.5,0.25,0.625,0.625
2026-03-24,SHORT20_RERANK,0.4,0.25,0.5,0.625
2026-03-24,SHORT20_MIX,0.5,0.3,0.625,0.75
2026-03-24,SHORT25_RERANK,0.4,0.3,0.5,0.75
2026-03-24,SHORT25_MIX,0.5,0.3,0.625,0.75
2026-03-25,BASELINE_MIX,0.3,0.15,0.5,0.5
2026-03-25,SHORT12_RERANK,0.2,0.15,0.3333333333333333,0.5
2026-03-25,SHORT12_MIX,0.3,0.15,0.5,0.5
2026-03-25,SHORT15_RERANK,0.2,0.15,0.3333333333333333,0.5
2026-03-25,SHORT15_MIX,0.3,0.15,0.5,0.5
2026-03-25,SHORT20_RERANK,0.2,0.15,0.3333333333333333,0.5
2026-03-25,SHORT20_MIX,0.3,0.2,0.5,0.6666666666666666
2026-03-25,SHORT25_RERANK,0.2,0.2,0.3333333333333333,0.6666666666666666
2026-03-25,SHORT25_MIX,0.3,0.2,0.5,0.6666666666666666
2026-03-26,BASELINE_MIX,0.2,0.1,0.5,0.5
2026-03-26,SHORT12_RERANK,0.2,0.1,0.5,0.5
2026-03-26,SHORT12_MIX,0.2,0.1,0.5,0.5
2026-03-26,SHORT15_RERANK,0.2,0.1,0.5,0.5
2026-03-26,SHORT15_MIX,0.2,0.1,0.5,0.5
2026-03-26,SHORT20_RERANK,0.2,0.1,0.5,0.5
2026-03-26,SHORT20_MIX,0.2,0.15,0.5,0.75
2026-03-26,SHORT25_RERANK,0.2,0.1,0.5,0.5
2026-03-26,SHORT25_MIX,0.2,0.1,0.5,0.5
2026-03-27,BASELINE_MIX,0.1,0.1,0.3333333333333333,0.6666666666666666
2026-03-27,SHORT12_RERANK,0.2,0.1,0.6666666666666666,0.6666666666666666
2026-03-27,SHORT12_MIX,0.2,0.1,0.6666666666666666,0.6666666666666666
2026-03-27,SHORT15_RERANK,0.2,0.1,0.6666666666666666,0.6666666666666666
2026-03-27,SHORT15_MIX,0.1,0.1,0.3333333333333333,0.6666666666666666
2026-03-27,SHORT20_RERANK,0.2,0.1,0.6666666666666666,0.6666666666666666
2026-03-27,SHORT20_MIX,0.1,0.15,0.3333333333333333,1.0
2026-03-27,SHORT25_RERANK,0.2,0.1,0.6666666666666666,0.6666666666666666
2026-03-27,SHORT25_MIX,0.1,0.1,0.3333333333333333,0.6666666666666666
2026-03-28,BASELINE_MIX,0.1,0.1,0.3333333333333333,0.6666666666666666
2026-03-28,SHORT12_RERANK,0.2,0.1,0.6666666666666666,0.6666666666666666
2026-03-28,SHORT12_MIX,0.2,0.1,0.6666666666666666,0.6666666666666666
2026-03-28,SHORT15_RERANK,0.2,0.1,0.6666666666666666,0.6666666666666666
2026-03-28,SHORT15_MIX,0.1,0.1,0.3333333333333333,0.6666666666666666
2026-03-28,SHORT20_RERANK,0.2,0.1,0.6666666666666666,0.6666666666666666
2026-03-28,SHORT20_MIX,0.1,0.15,0.3333333333333333,1.0
2026-03-28,SHORT25_RERANK,0.2,0.1,0.6666666666666666,0.6666666666666666
2026-03-28,SHORT25_MIX,0.1,0.1,0.3333333333333333,0.6666666666666666
2026-03-29,BASELINE_MIX,0.2,0.15,0.5,0.75
2026-03-29,SHORT12_RERANK,0.2,0.15,0.5,0.75
2026-03-29,SHORT12_MIX,0.3,0.15,0.75,0.75
2026-03-29,SHORT15_RERANK,0.2,0.15,0.5,0.75
2026-03-29,SHORT15_MIX,0.2,0.15,0.5,0.75
2026-03-29,SHORT20_RERANK,0.2,0.15,0.5,0.75
2026-03-29,SHORT20_MIX,0.2,0.2,0.5,1.0
2026-03-29,SHORT25_RERANK,0.2,0.15,0.5,0.75
2026-03-29,SHORT25_MIX,0.2,0.15,0.5,0.75
2026-03-30,BASELINE_MIX,0.3,0.15,0.6,0.6
2026-03-30,SHORT12_RERANK,0.2,0.15,0.4,0.6
2026-03-30,SHORT12_MIX,0.3,0.15,0.6,0.6
2026-03-30,SHORT15_RERANK,0.2,0.15,0.4,0.6
2026-03-30,SHORT15_MIX,0.3,0.15,0.6,0.6
2026-03-30,SHORT20_RERANK,0.2,0.15,0.4,0.6
2026-03-30,SHORT20_MIX,0.3,0.2,0.6,0.8
2026-03-30,SHORT25_RERANK,0.2,0.2,0.4,0.8
2026-03-30,SHORT25_MIX,0.3,0.2,0.6,0.8
2026-03-31,BASELINE_MIX,0.3,0.15,0.6,0.6
2026-03-31,SHORT12_RERANK,0.2,0.15,0.4,0.6
2026-03-31,SHORT12_MIX,0.3,0.15,0.6,0.6
2026-03-31,SHORT15_RERANK,0.2,0.15,0.4,0.6
2026-03-31,SHORT15_MIX,0.3,0.15,0.6,0.6
2026-03-31,SHORT20_RERANK,0.2,0.15,0.4,0.6
2026-03-31,SHORT20_MIX,0.3,0.2,0.6,0.8
2026-03-31,SHORT25_RERANK,0.2,0.2,0.4,0.8
2026-03-31,SHORT25_MIX,0.3,0.2,0.6,0.8
2026-04-01,BASELINE_MIX,0.3,0.15,0.6,0.6
2026-04-01,SHORT12_RERANK,0.2,0.15,0.4,0.6
2026-04-01,SHORT12_MIX,0.3,0.15,0.6,0.6
2026-04-01,SHORT15_RERANK,0.2,0.15,0.4,0.6
2026-04-01,SHORT15_MIX,0.3,0.15,0.6,0.6
2026-04-01,SHORT20_RERANK,0.2,0.15,0.4,0.6
2026-04-01,SHORT20_MIX,0.3,0.2,0.6,0.8
2026-04-01,SHORT25_RERANK,0.2,0.2,0.4,0.8
2026-04-01,SHORT25_MIX,0.3,0.2,0.6,0.8
2026-04-02,BASELINE_MIX,0.3,0.15,0.6,0.6
2026-04-02,SHORT12_RERANK,0.2,0.15,0.4,0.6
2026-04-02,SHORT12_MIX,0.3,0.15,0.6,0.6
2026-04-02,SHORT15_RERANK,0.2,0.15,0.4,0.6
2026-04-02,SHORT15_MIX,0.3,0.15,0.6,0.6
2026-04-02,SHORT20_RERANK,0.2,0.15,0.4,0.6
2026-04-02,SHORT20_MIX,0.3,0.2,0.6,0.8
2026-04-02,SHORT25_RERANK,0.2,0.2,0.4,0.8
2026-04-02,SHORT25_MIX,0.3,0.2,0.6,0.8
2026-04-03,BASELINE_MIX,0.3,0.15,0.6,0.6
2026-04-03,SHORT12_RERANK,0.2,0.15,0.4,0.6
2026-04-03,SHORT12_MIX,0.3,0.15,0.6,0.6
2026-04-03,SHORT15_RERANK,0.2,0.15,0.4,0.6
2026-04-03,SHORT15_MIX,0.3,0.15,0.6,0.6
2026-04-03,SHORT20_RERANK,0.2,0.15,0.4,0.6
2026-04-03,SHORT20_MIX,0.3,0.2,0.6,0.8
2026-04-03,SHORT25_RERANK,0.2,0.2,0.4,0.8
2026-04-03,SHORT25_MIX,0.3,0.2,0.6,0.8
2026-04-04,BASELINE_MIX,0.3,0.15,0.6,0.6
2026-04-04,SHORT12_RERANK,0.2,0.15,0.4,0.6
2026-04-04,SHORT12_MIX,0.3,0.15,0.6,0.6
2026-04-04,SHORT15_RERANK,0.2,0.15,0.4,0.6
2026-04-04,SHORT15_MIX,0.3,0.15,0.6,0.6
2026-04-04,SHORT20_RERANK,0.2,0.15,0.4,0.6
2026-04-04,SHORT20_MIX,0.3,0.2,0.6,0.8
2026-04-04,SHORT25_RERANK,0.2,0.2,0.4,0.8
2026-04-04,SHORT25_MIX,0.3,0.2,0.6,0.8
2026-04-05,BASELINE_MIX,0.3,0.15,0.6,0.6
2026-04-05,SHORT12_RERANK,0.2,0.15,0.4,0.6
2026-04-05,SHORT12_MIX,0.3,0.15,0.6,0.6
2026-04-05,SHORT15_RERANK,0.2,0.15,0.4,0.6
2026-04-05,SHORT15_MIX,0.3,0.15,0.6,0.6
2026-04-05,SHORT20_RERANK,0.2,0.15,0.4,0.6
2026-04-05,SHORT20_MIX,0.3,0.2,0.6,0.8
2026-04-05,SHORT25_RERANK,0.2,0.2,0.4,0.8
2026-04-05,SHORT25_MIX,0.3,0.2,0.6,0.8
2026-04-06,BASELINE_MIX,0.3,0.15,0.6,0.6
2026-04-06,SHORT12_RERANK,0.2,0.15,0.4,0.6
2026-04-06,SHORT12_MIX,0.3,0.15,0.6,0.6
2026-04-06,SHORT15_RERANK,0.2,0.15,0.4,0.6
2026-04-06,SHORT15_MIX,0.3,0.15,0.6,0.6
2026-04-06,SHORT20_RERANK,0.2,0.15,0.4,0.6
2026-04-06,SHORT20_MIX,0.3,0.2,0.6,0.8
2026-04-06,SHORT25_RERANK,0.2,0.2,0.4,0.8
2026-04-06,SHORT25_MIX,0.3,0.2,0.6,0.8
2026-04-07,BASELINE_MIX,0.2,0.1,0.6666666666666666,0.6666666666666666
2026-04-07,SHORT12_RERANK,0.1,0.1,0.3333333333333333,0.6666666666666666
2026-04-07,SHORT12_MIX,0.2,0.1,0.6666666666666666,0.6666666666666666
2026-04-07,SHORT15_RERANK,0.1,0.1,0.3333333333333333,0.6666666666666666
2026-04-07,SHORT15_MIX,0.2,0.1,0.6666666666666666,0.6666666666666666
2026-04-07,SHORT20_RERANK,0.1,0.1,0.3333333333333333,0.6666666666666666
2026-04-07,SHORT20_MIX,0.2,0.1,0.6666666666666666,0.6666666666666666
2026-04-07,SHORT25_RERANK,0.1,0.15,0.3333333333333333,1.0
2026-04-07,SHORT25_MIX,0.2,0.15,0.6666666666666666,1.0
2026-04-08,BASELINE_MIX,0.2,0.1,0.6666666666666666,0.6666666666666666
2026-04-08,SHORT12_RERANK,0.1,0.1,0.3333333333333333,0.6666666666666666
2026-04-08,SHORT12_MIX,0.2,0.1,0.6666666666666666,0.6666666666666666
2026-04-08,SHORT15_RERANK,0.1,0.1,0.3333333333333333,0.6666666666666666
2026-04-08,SHORT15_MIX,0.2,0.1,0.6666666666666666,0.6666666666666666
2026-04-08,SHORT20_RERANK,0.1,0.1,0.3333333333333333,0.6666666666666666
2026-04-08,SHORT20_MIX,0.2,0.1,0.6666666666666666,0.6666666666666666
2026-04-08,SHORT25_RERANK,0.1,0.15,0.3333333333333333,1.0
2026-04-08,SHORT25_MIX,0.2,0.15,0.6666666666666666,1.0
2026-04-09,BASELINE_MIX,0.2,0.1,0.6666666666666666,0.6666666666666666
2026-04-09,SHORT12_RERANK,0.1,0.1,0.3333333333333333,0.6666666666666666
2026-04-09,SHORT12_MIX,0.2,0.1,0.6666666666666666,0.6666666666666666
2026-04-09,SHORT15_RERANK,0.1,0.1,0.3333333333333333,0.6666666666666666
2026-04-09,SHORT15_MIX,0.2,0.1,0.6666666666666666,0.6666666666666666
2026-04-09,SHORT20_RERANK,0.1,0.1,0.3333333333333333,0.6666666666666666
2026-04-09,SHORT20_MIX,0.2,0.1,0.6666666666666666,0.6666666666666666
2026-04-09,SHORT25_RERANK,0.1,0.15,0.3333333333333333,1.0
2026-04-09,SHORT25_MIX,0.2,0.15,0.6666666666666666,1.0
2026-04-10,BASELINE_MIX,0.2,0.1,0.6666666666666666,0.6666666666666666
2026-04-10,SHORT12_RERANK,0.1,0.1,0.3333333333333333,0.6666666666666666
2026-04-10,SHORT12_MIX,0.2,0.1,0.6666666666666666,0.6666666666666666
2026-04-10,SHORT15_RERANK,0.1,0.1,0.3333333333333333,0.6666666666666666
2026-04-10,SHORT15_MIX,0.2,0.1,0.6666666666666666,0.6666666666666666
2026-04-10,SHORT20_RERANK,0.1,0.1,0.3333333333333333,0.6666666666666666
2026-04-10,SHORT20_MIX,0.2,0.1,0.6666666666666666,0.6666666666666666
2026-04-10,SHORT25_RERANK,0.1,0.15,0.3333333333333333,1.0
2026-04-10,SHORT25_MIX,0.2,0.15,0.6666666666666666,1.0
2026-04-11,BASELINE_MIX,0.2,0.1,0.6666666666666666,0.6666666666666666
2026-04-11,SHORT12_RERANK,0.1,0.1,0.3333333333333333,0.6666666666666666
2026-04-11,SHORT12_MIX,0.2,0.1,0.6666666666666666,0.6666666666666666
2026-04-11,SHORT15_RERANK,0.1,0.1,0.3333333333333333,0.6666666666666666
2026-04-11,SHORT15_MIX,0.2,0.1,0.6666666666666666,0.6666666666666666
2026-04-11,SHORT20_RERANK,0.1,0.1,0.3333333333333333,0.6666666666666666
2026-04-11,SHORT20_MIX,0.2,0.1,0.6666666666666666,0.6666666666666666
2026-04-11,SHORT25_RERANK,0.1,0.15,0.3333333333333333,1.0
2026-04-11,SHORT25_MIX,0.2,0.15,0.6666666666666666,1.0
2026-04-12,BASELINE_MIX,0.1,0.05,0.5,0.5
2026-04-12,SHORT12_RERANK,0.1,0.05,0.5,0.5
2026-04-12,SHORT12_MIX,0.1,0.05,0.5,0.5
2026-04-12,SHORT15_RERANK,0.1,0.05,0.5,0.5
2026-04-12,SHORT15_MIX,0.1,0.05,0.5,0.5
2026-04-12,SHORT20_RERANK,0.1,0.05,0.5,0.5
2026-04-12,SHORT20_MIX,0.1,0.05,0.5,0.5
2026-04-12,SHORT25_RERANK,0.1,0.1,0.5,1.0
2026-04-12,SHORT25_MIX,0.1,0.1,0.5,1.0
2026-04-13,BASELINE_MIX,0.1,0.05,1.0,1.0
2026-04-13,SHORT12_RERANK,0.1,0.05,1.0,1.0
2026-04-13,SHORT12_MIX,0.1,0.05,1.0,1.0
2026-04-13,SHORT15_RERANK,0.1,0.05,1.0,1.0
2026-04-13,SHORT15_MIX,0.1,0.05,1.0,1.0
2026-04-13,SHORT20_RERANK,0.1,0.05,1.0,1.0
2026-04-13,SHORT20_MIX,0.1,0.05,1.0,1.0
2026-04-13,SHORT25_RERANK,0.1,0.05,1.0,1.0
2026-04-13,SHORT25_MIX,0.1,0.05,1.0,1.0
2026-04-14,BASELINE_MIX,0.1,0.05,1.0,1.0
2026-04-14,SHORT12_RERANK,0.1,0.05,1.0,1.0
2026-04-14,SHORT12_MIX,0.1,0.05,1.0,1.0
2026-04-14,SHORT15_RERANK,0.1,0.05,1.0,1.0
2026-04-14,SHORT15_MIX,0.1,0.05,1.0,1.0
2026-04-14,SHORT20_RERANK,0.1,0.05,1.0,1.0
2026-04-14,SHORT20_MIX,0.1,0.05,1.0,1.0
2026-04-14,SHORT25_RERANK,0.1,0.05,1.0,1.0
2026-04-14,SHORT25_MIX,0.1,0.05,1.0,1.0
2026-04-15,BASELINE_MIX,0.1,0.05,1.0,1.0
2026-04-15,SHORT12_RERANK,0.1,0.05,1.0,1.0
2026-04-15,SHORT12_MIX,0.1,0.05,1.0,1.0
2026-04-15,SHORT15_RERANK,0.1,0.05,1.0,1.0
2026-04-15,SHORT15_MIX,0.1,0.05,1.0,1.0
2026-04-15,SHORT20_RERANK,0.1,0.05,1.0,1.0
2026-04-15,SHORT20_MIX,0.1,0.05,1.0,1.0
2026-04-15,SHORT25_RERANK,0.1,0.05,1.0,1.0
2026-04-15,SHORT25_MIX,0.1,0.05,1.0,1.0
2026-04-16,BASELINE_MIX,0.1,0.05,1.0,1.0
2026-04-16,SHORT12_RERANK,0.1,0.05,1.0,1.0
2026-04-16,SHORT12_MIX,0.1,0.05,1.0,1.0
2026-04-16,SHORT15_RERANK,0.1,0.05,1.0,1.0
2026-04-16,SHORT15_MIX,0.1,0.05,1.0,1.0
2026-04-16,SHORT20_RERANK,0.1,0.05,1.0,1.0
2026-04-16,SHORT20_MIX,0.1,0.05,1.0,1.0
2026-04-16,SHORT25_RERANK,0.1,0.05,1.0,1.0
2026-04-16,SHORT25_MIX,0.1,0.05,1.0,1.0
2026-04-17,BASELINE_MIX,0.1,0.05,1.0,1.0
2026-04-17,SHORT12_RERANK,0.1,0.05,1.0,1.0
2026-04-17,SHORT12_MIX,0.1,0.05,1.0,1.0
2026-04-17,SHORT15_RERANK,0.1,0.05,1.0,1.0
2026-04-17,SHORT15_MIX,0.1,0.05,1.0,1.0
2026-04-17,SHORT20_RERANK,0.1,0.05,1.0,1.0
2026-04-17,SHORT20_MIX,0.1,0.05,1.0,1.0
2026-04-17,SHORT25_RERANK,0.1,0.05,1.0,1.0
2026-04-17,SHORT25_MIX,0.1,0.05,1.0,1.0
2026-04-18,BASELINE_MIX,0.1,0.05,1.0,1.0
2026-04-18,SHORT12_RERANK,0.1,0.05,1.0,1.0
2026-04-18,SHORT12_MIX,0.1,0.05,1.0,1.0
2026-04-18,SHORT15_RERANK,0.1,0.05,1.0,1.0
2026-04-18,SHORT15_MIX,0.1,0.05,1.0,1.0
2026-04-18,SHORT20_RERANK,0.1,0.05,1.0,1.0
2026-04-18,SHORT20_MIX,0.1,0.05,1.0,1.0
2026-04-18,SHORT25_RERANK,0.1,0.05,1.0,1.0
2026-04-18,SHORT25_MIX,0.1,0.05,1.0,1.0
2026-04-19,BASELINE_MIX,0.0,0.05,0.0,1.0
2026-04-19,SHORT12_RERANK,0.0,0.05,0.0,1.0
2026-04-19,SHORT12_MIX,0.0,0.05,0.0,1.0
2026-04-19,SHORT15_RERANK,0.0,0.05,0.0,1.0
2026-04-19,SHORT15_MIX,0.0,0.05,0.0,1.0
2026-04-19,SHORT20_RERANK,0.0,0.05,0.0,1.0
2026-04-19,SHORT20_MIX,0.0,0.0,0.0,0.0
2026-04-19,SHORT25_RERANK,0.1,0.05,1.0,1.0
2026-04-19,SHORT25_MIX,0.0,0.05,0.0,1.0
2026-04-20,BASELINE_MIX,0.0,0.05,0.0,1.0
2026-04-20,SHORT12_RERANK,0.0,0.05,0.0,1.0
2026-04-20,SHORT12_MIX,0.0,0.05,0.0,1.0
2026-04-20,SHORT15_RERANK,0.0,0.05,0.0,1.0
2026-04-20,SHORT15_MIX,0.0,0.05,0.0,1.0
2026-04-20,SHORT20_RERANK,0.0,0.05,0.0,1.0
2026-04-20,SHORT20_MIX,0.0,0.0,0.0,0.0
2026-04-20,SHORT25_RERANK,0.1,0.05,1.0,1.0
2026-04-20,SHORT25_MIX,0.0,0.05,0.0,1.0
2026-04-21,BASELINE_MIX,0.0,0.05,0.0,0.5
2026-04-21,SHORT12_RERANK,0.0,0.05,0.0,0.5
2026-04-21,SHORT12_MIX,0.0,0.1,0.0,1.0
2026-04-21,SHORT15_RERANK,0.0,0.05,0.0,0.5
2026-04-21,SHORT15_MIX,0.0,0.1,0.0,1.0
2026-04-21,SHORT20_RERANK,0.0,0.05,0.0,0.5
2026-04-21,SHORT20_MIX,0.0,0.05,0.0,0.5
2026-04-21,SHORT25_RERANK,0.1,0.05,0.5,0.5
2026-04-21,SHORT25_MIX,0.0,0.05,0.0,0.5
2026-04-22,BASELINE_MIX,0.0,0.05,0.0,0.5
2026-04-22,SHORT12_RERANK,0.0,0.05,0.0,0.5
2026-04-22,SHORT12_MIX,0.0,0.1,0.0,1.0
2026-04-22,SHORT15_RERANK,0.0,0.05,0.0,0.5
2026-04-22,SHORT15_MIX,0.0,0.1,0.0,1.0
2026-04-22,SHORT20_RERANK,0.0,0.05,0.0,0.5
2026-04-22,SHORT20_MIX,0.0,0.05,0.0,0.5
2026-04-22,SHORT25_RERANK,0.1,0.05,0.5,0.5
2026-04-22,SHORT25_MIX,0.0,0.05,0.0,0.5
2026-04-23,BASELINE_MIX,0.0,0.05,0.0,0.5
2026-04-23,SHORT12_RERANK,0.0,0.05,0.0,0.5
2026-04-23,SHORT12_MIX,0.0,0.1,0.0,1.0
2026-04-23,SHORT15_RERANK,0.0,0.05,0.0,0.5
2026-04-23,SHORT15_MIX,0.0,0.1,0.0,1.0
2026-04-23,SHORT20_RERANK,0.0,0.05,0.0,0.5
2026-04-23,SHORT20_MIX,0.0,0.05,0.0,0.5
2026-04-23,SHORT25_RERANK,0.1,0.05,0.5,0.5
2026-04-23,SHORT25_MIX,0.0,0.05,0.0,0.5
2026-04-24,BASELINE_MIX,0.0,0.05,0.0,0.5
2026-04-24,SHORT12_RERANK,0.0,0.05,0.0,0.5
2026-04-24,SHORT12_MIX,0.0,0.1,0.0,1.0
2026-04-24,SHORT15_RERANK,0.0,0.05,0.0,0.5
2026-04-24,SHORT15_MIX,0.0,0.1,0.0,1.0
2026-04-24,SHORT20_RERANK,0.0,0.05,0.0,0.5
2026-04-24,SHORT20_MIX,0.0,0.05,0.0,0.5
2026-04-24,SHORT25_RERANK,0.1,0.05,0.5,0.5
2026-04-24,SHORT25_MIX,0.0,0.05,0.0,0.5
2026-04-25,BASELINE_MIX,0.0,0.05,0.0,0.5
2026-04-25,SHORT12_RERANK,0.0,0.05,0.0,0.5
2026-04-25,SHORT12_MIX,0.0,0.1,0.0,1.0
2026-04-25,SHORT15_RERANK,0.0,0.05,0.0,0.5
2026-04-25,SHORT15_MIX,0.0,0.1,0.0,1.0
2026-04-25,SHORT20_RERANK,0.0,0.05,0.0,0.5
2026-04-25,SHORT20_MIX,0.0,0.05,0.0,0.5
2026-04-25,SHORT25_RERANK,0.1,0.05,0.5,0.5
2026-04-25,SHORT25_MIX,0.0,0.05,0.0,0.5
2026-04-26,BASELINE_MIX,0.0,0.05,0.0,0.3333333333333333
2026-04-26,SHORT12_RERANK,0.0,0.05,0.0,0.3333333333333333
2026-04-26,SHORT12_MIX,0.0,0.1,0.0,0.6666666666666666
2026-04-26,SHORT15_RERANK,0.0,0.05,0.0,0.3333333333333333
2026-04-26,SHORT15_MIX,0.0,0.1,0.0,0.6666666666666666
2026-04-26,SHORT20_RERANK,0.0,0.05,0.0,0.3333333333333333
2026-04-26,SHORT20_MIX,0.0,0.05,0.0,0.3333333333333333
2026-04-26,SHORT25_RERANK,0.1,0.05,0.3333333333333333,0.3333333333333333
2026-04-26,SHORT25_MIX,0.0,0.05,0.0,0.3333333333333333
2026-04-27,BASELINE_MIX,0.0,0.05,0.0,0.3333333333333333
2026-04-27,SHORT12_RERANK,0.0,0.05,0.0,0.3333333333333333
2026-04-27,SHORT12_MIX,0.0,0.1,0.0,0.6666666666666666
2026-04-27,SHORT15_RERANK,0.0,0.05,0.0,0.3333333333333333
2026-04-27,SHORT15_MIX,0.0,0.1,0.0,0.6666666666666666
2026-04-27,SHORT20_RERANK,0.0,0.05,0.0,0.3333333333333333
2026-04-27,SHORT20_MIX,0.0,0.05,0.0,0.3333333333333333
2026-04-27,SHORT25_RERANK,0.1,0.05,0.3333333333333333,0.3333333333333333
2026-04-27,SHORT25_MIX,0.0,0.05,0.0,0.3333333333333333
2026-04-28,BASELINE_MIX,0.0,0.05,0.0,0.3333333333333333
2026-04-28,SHORT12_RERANK,0.0,0.05,0.0,0.3333333333333333
2026-04-28,SHORT12_MIX,0.0,0.1,0.0,0.6666666666666666
2026-04-28,SHORT15_RERANK,0.0,0.05,0.0,0.3333333333333333
2026-04-28,SHORT15_MIX,0.0,0.1,0.0,0.6666666666666666
2026-04-28,SHORT20_RERANK,0.0,0.05,0.0,0.3333333333333333
2026-04-28,SHORT20_MIX,0.0,0.05,0.0,0.3333333333333333
2026-04-28,SHORT25_RERANK,0.1,0.05,0.3333333333333333,0.3333333333333333
2026-04-28,SHORT25_MIX,0.0,0.05,0.0,0.3333333333333333
2026-04-29,BASELINE_MIX,0.0,0.05,0.0,0.3333333333333333
2026-04-29,SHORT12_RERANK,0.0,0.05,0.0,0.3333333333333333
2026-04-29,SHORT12_MIX,0.0,0.1,0.0,0.6666666666666666
2026-04-29,SHORT15_RERANK,0.0,0.05,0.0,0.3333333333333333
2026-04-29,SHORT15_MIX,0.0,0.1,0.0,0.6666666666666666
2026-04-29,SHORT20_RERANK,0.0,0.05,0.0,0.3333333333333333
2026-04-29,SHORT20_MIX,0.0,0.05,0.0,0.3333333333333333
2026-04-29,SHORT25_RERANK,0.1,0.05,0.3333333333333333,0.3333333333333333
2026-04-29,SHORT25_MIX,0.0,0.05,0.0,0.3333333333333333
2026-04-30,BASELINE_MIX,0.0,0.05,0.0,0.3333333333333333
2026-04-30,SHORT12_RERANK,0.0,0.05,0.0,0.3333333333333333
2026-04-30,SHORT12_MIX,0.0,0.1,0.0,0.6666666666666666
2026-04-30,SHORT15_RERANK,0.0,0.05,0.0,0.3333333333333333
2026-04-30,SHORT15_MIX,0.0,0.1,0.0,0.6666666666666666
2026-04-30,SHORT20_RERANK,0.0,0.05,0.0,0.3333333333333333
2026-04-30,SHORT20_MIX,0.0,0.05,0.0,0.3333333333333333
2026-04-30,SHORT25_RERANK,0.1,0.05,0.3333333333333333,0.3333333333333333
2026-04-30,SHORT25_MIX,0.0,0.05,0.0,0.3333333333333333
2026-05-01,BASELINE_MIX,0.0,0.05,0.0,0.3333333333333333
2026-05-01,SHORT12_RERANK,0.0,0.05,0.0,0.3333333333333333
2026-05-01,SHORT12_MIX,0.0,0.1,0.0,0.6666666666666666
2026-05-01,SHORT15_RERANK,0.0,0.05,0.0,0.3333333333333333
2026-05-01,SHORT15_MIX,0.0,0.1,0.0,0.6666666666666666
2026-05-01,SHORT20_RERANK,0.0,0.05,0.0,0.3333333333333333
2026-05-01,SHORT20_MIX,0.0,0.05,0.0,0.3333333333333333
2026-05-01,SHORT25_RERANK,0.1,0.05,0.3333333333333333,0.3333333333333333
2026-05-01,SHORT25_MIX,0.0,0.05,0.0,0.3333333333333333
2026-05-02,BASELINE_MIX,0.1,0.1,0.25,0.5
2026-05-02,SHORT12_RERANK,0.1,0.1,0.25,0.5
2026-05-02,SHORT12_MIX,0.0,0.15,0.0,0.75
2026-05-02,SHORT15_RERANK,0.1,0.1,0.25,0.5
2026-05-02,SHORT15_MIX,0.0,0.15,0.0,0.75
2026-05-02,SHORT20_RERANK,0.1,0.1,0.25,0.5
2026-05-02,SHORT20_MIX,0.1,0.1,0.25,0.5
2026-05-02,SHORT25_RERANK,0.2,0.1,0.5,0.5
2026-05-02,SHORT25_MIX,0.1,0.1,0.25,0.5
2026-05-03,BASELINE_MIX,0.1,0.05,0.3333333333333333,0.3333333333333333
2026-05-03,SHORT12_RERANK,0.1,0.05,0.3333333333333333,0.3333333333333333
2026-05-03,SHORT12_MIX,0.0,0.1,0.0,0.6666666666666666
2026-05-03,SHORT15_RERANK,0.1,0.05,0.3333333333333333,0.3333333333333333
2026-05-03,SHORT15_MIX,0.0,0.1,0.0,0.6666666666666666
2026-05-03,SHORT20_RERANK,0.1,0.05,0.3333333333333333,0.3333333333333333
2026-05-03,SHORT20_MIX,0.1,0.1,0.3333333333333333,0.6666666666666666
2026-05-03,SHORT25_RERANK,0.1,0.05,0.3333333333333333,0.3333333333333333
2026-05-03,SHORT25_MIX,0.1,0.05,0.3333333333333333,0.3333333333333333
2026-05-04,BASELINE_MIX,0.1,0.05,0.3333333333333333,0.3333333333333333
2026-05-04,SHORT12_RERANK,0.1,0.05,0.3333333333333333,0.3333333333333333
2026-05-04,SHORT12_MIX,0.0,0.1,0.0,0.6666666666666666
2026-05-04,SHORT15_RERANK,0.1,0.05,0.3333333333333333,0.3333333333333333
2026-05-04,SHORT15_MIX,0.0,0.1,0.0,0.6666666666666666
2026-05-04,SHORT20_RERANK,0.1,0.05,0.3333333333333333,0.3333333333333333
2026-05-04,SHORT20_MIX,0.1,0.1,0.3333333333333333,0.6666666666666666
2026-05-04,SHORT25_RERANK,0.1,0.05,0.3333333333333333,0.3333333333333333
2026-05-04,SHORT25_MIX,0.1,0.05,0.3333333333333333,0.3333333333333333
2026-05-05,BASELINE_MIX,0.1,0.05,0.3333333333333333,0.3333333333333333
2026-05-05,SHORT12_RERANK,0.1,0.05,0.3333333333333333,0.3333333333333333
2026-05-05,SHORT12_MIX,0.0,0.05,0.0,0.3333333333333333
2026-05-05,SHORT15_RERANK,0.1,0.05,0.3333333333333333,0.3333333333333333
2026-05-05,SHORT15_MIX,0.0,0.05,0.0,0.3333333333333333
2026-05-05,SHORT20_RERANK,0.1,0.05,0.3333333333333333,0.3333333333333333
2026-05-05,SHORT20_MIX,0.1,0.05,0.3333333333333333,0.3333333333333333
2026-05-05,SHORT25_RERANK,0.1,0.05,0.3333333333333333,0.3333333333333333
2026-05-05,SHORT25_MIX,0.1,0.05,0.3333333333333333,0.3333333333333333
2026-05-06,BASELINE_MIX,0.2,0.15,0.4,0.6
2026-05-06,SHORT12_RERANK,0.2,0.15,0.4,0.6
2026-05-06,SHORT12_MIX,0.2,0.15,0.4,0.6
2026-05-06,SHORT15_RERANK,0.2,0.15,0.4,0.6
2026-05-06,SHORT15_MIX,0.1,0.15,0.2,0.6
2026-05-06,SHORT20_RERANK,0.2,0.15,0.4,0.6
2026-05-06,SHORT20_MIX,0.2,0.15,0.4,0.6
2026-05-06,SHORT25_RERANK,0.2,0.15,0.4,0.6
2026-05-06,SHORT25_MIX,0.2,0.15,0.4,0.6
2026-05-07,BASELINE_MIX,0.2,0.15,0.4,0.6
2026-05-07,SHORT12_RERANK,0.2,0.15,0.4,0.6
2026-05-07,SHORT12_MIX,0.2,0.15,0.4,0.6
2026-05-07,SHORT15_RERANK,0.2,0.15,0.4,0.6
2026-05-07,SHORT15_MIX,0.1,0.15,0.2,0.6
2026-05-07,SHORT20_RERANK,0.2,0.15,0.4,0.6
2026-05-07,SHORT20_MIX,0.2,0.15,0.4,0.6
2026-05-07,SHORT25_RERANK,0.2,0.15,0.4,0.6
2026-05-07,SHORT25_MIX,0.2,0.15,0.4,0.6
2026-05-08,BASELINE_MIX,0.2,0.15,0.4,0.6
2026-05-08,SHORT12_RERANK,0.2,0.15,0.4,0.6
2026-05-08,SHORT12_MIX,0.2,0.15,0.4,0.6
2026-05-08,SHORT15_RERANK,0.2,0.15,0.4,0.6
2026-05-08,SHORT15_MIX,0.1,0.15,0.2,0.6
2026-05-08,SHORT20_RERANK,0.2,0.15,0.4,0.6
2026-05-08,SHORT20_MIX,0.2,0.15,0.4,0.6
2026-05-08,SHORT25_RERANK,0.2,0.15,0.4,0.6
2026-05-08,SHORT25_MIX,0.2,0.15,0.4,0.6
2026-05-09,BASELINE_MIX,0.2,0.15,0.4,0.6
2026-05-09,SHORT12_RERANK,0.2,0.15,0.4,0.6
2026-05-09,SHORT12_MIX,0.2,0.15,0.4,0.6
2026-05-09,SHORT15_RERANK,0.2,0.15,0.4,0.6
2026-05-09,SHORT15_MIX,0.1,0.15,0.2,0.6
2026-05-09,SHORT20_RERANK,0.2,0.15,0.4,0.6
2026-05-09,SHORT20_MIX,0.2,0.15,0.4,0.6
2026-05-09,SHORT25_RERANK,0.2,0.15,0.4,0.6
2026-05-09,SHORT25_MIX,0.2,0.15,0.4,0.6
2026-05-10,BASELINE_MIX,0.4,0.25,0.6666666666666666,0.8333333333333334
2026-05-10,SHORT12_RERANK,0.2,0.25,0.3333333333333333,0.8333333333333334
2026-05-10,SHORT12_MIX,0.3,0.25,0.5,0.8333333333333334
2026-05-10,SHORT15_RERANK,0.2,0.25,0.3333333333333333,0.8333333333333334
2026-05-10,SHORT15_MIX,0.3,0.25,0.5,0.8333333333333334
2026-05-10,SHORT20_RERANK,0.2,0.2,0.3333333333333333,0.6666666666666666
2026-05-10,SHORT20_MIX,0.4,0.25,0.6666666666666666,0.8333333333333334
2026-05-10,SHORT25_RERANK,0.2,0.2,0.3333333333333333,0.6666666666666666
2026-05-10,SHORT25_MIX,0.4,0.25,0.6666666666666666,0.8333333333333334
2026-05-11,BASELINE_MIX,0.4,0.25,0.6666666666666666,0.8333333333333334
2026-05-11,SHORT12_RERANK,0.2,0.25,0.3333333333333333,0.8333333333333334
2026-05-11,SHORT12_MIX,0.3,0.25,0.5,0.8333333333333334
2026-05-11,SHORT15_RERANK,0.2,0.25,0.3333333333333333,0.8333333333333334
2026-05-11,SHORT15_MIX,0.3,0.25,0.5,0.8333333333333334
2026-05-11,SHORT20_RERANK,0.2,0.2,0.3333333333333333,0.6666666666666666
2026-05-11,SHORT20_MIX,0.4,0.25,0.6666666666666666,0.8333333333333334
2026-05-11,SHORT25_RERANK,0.2,0.2,0.3333333333333333,0.6666666666666666
2026-05-11,SHORT25_MIX,0.4,0.25,0.6666666666666666,0.8333333333333334
2026-05-12,BASELINE_MIX,0.4,0.25,0.6666666666666666,0.8333333333333334
2026-05-12,SHORT12_RERANK,0.2,0.25,0.3333333333333333,0.8333333333333334
2026-05-12,SHORT12_MIX,0.3,0.25,0.5,0.8333333333333334
2026-05-12,SHORT15_RERANK,0.2,0.25,0.3333333333333333,0.8333333333333334
2026-05-12,SHORT15_MIX,0.3,0.25,0.5,0.8333333333333334
2026-05-12,SHORT20_RERANK,0.2,0.2,0.3333333333333333,0.6666666666666666
2026-05-12,SHORT20_MIX,0.4,0.25,0.6666666666666666,0.8333333333333334
2026-05-12,SHORT25_RERANK,0.2,0.2,0.3333333333333333,0.6666666666666666
2026-05-12,SHORT25_MIX,0.4,0.25,0.6666666666666666,0.8333333333333334
2026-05-13,BASELINE_MIX,0.4,0.25,0.6666666666666666,0.8333333333333334
2026-05-13,SHORT12_RERANK,0.2,0.25,0.3333333333333333,0.8333333333333334
2026-05-13,SHORT12_MIX,0.3,0.25,0.5,0.8333333333333334
2026-05-13,SHORT15_RERANK,0.2,0.25,0.3333333333333333,0.8333333333333334
2026-05-13,SHORT15_MIX,0.3,0.25,0.5,0.8333333333333334
2026-05-13,SHORT20_RERANK,0.2,0.2,0.3333333333333333,0.6666666666666666
2026-05-13,SHORT20_MIX,0.4,0.25,0.6666666666666666,0.8333333333333334
2026-05-13,SHORT25_RERANK,0.2,0.2,0.3333333333333333,0.6666666666666666
2026-05-13,SHORT25_MIX,0.4,0.25,0.6666666666666666,0.8333333333333334
2026-05-14,BASELINE_MIX,0.4,0.25,0.5,0.625
2026-05-14,SHORT12_RERANK,0.2,0.25,0.25,0.625
2026-05-14,SHORT12_MIX,0.3,0.3,0.375,0.75
2026-05-14,SHORT15_RERANK,0.2,0.25,0.25,0.625
2026-05-14,SHORT15_MIX,0.3,0.3,0.375,0.75
2026-05-14,SHORT20_RERANK,0.2,0.2,0.25,0.5
2026-05-14,SHORT20_MIX,0.4,0.3,0.5,0.75
2026-05-14,SHORT25_RERANK,0.2,0.2,0.25,0.5
2026-05-14,SHORT25_MIX,0.4,0.3,0.5,0.75
2026-05-15,BASELINE_MIX,0.2,0.2,0.2857142857142857,0.5714285714285714
2026-05-15,SHORT12_RERANK,0.2,0.2,0.2857142857142857,0.5714285714285714
2026-05-15,SHORT12_MIX,0.2,0.25,0.2857142857142857,0.7142857142857143
2026-05-15,SHORT15_RERANK,0.2,0.2,0.2857142857142857,0.5714285714285714
2026-05-15,SHORT15_MIX,0.2,0.25,0.2857142857142857,0.7142857142857143
2026-05-15,SHORT20_RERANK,0.2,0.2,0.2857142857142857,0.5714285714285714
2026-05-15,SHORT20_MIX,0.2,0.25,0.2857142857142857,0.7142857142857143
2026-05-15,SHORT25_RERANK,0.2,0.2,0.2857142857142857,0.5714285714285714
2026-05-15,SHORT25_MIX,0.2,0.2,0.2857142857142857,0.5714285714285714
2026-05-16,BASELINE_MIX,0.1,0.15,0.16666666666666666,0.5
2026-05-16,SHORT12_RERANK,0.1,0.15,0.16666666666666666,0.5
2026-05-16,SHORT12_MIX,0.2,0.15,0.3333333333333333,0.5
2026-05-16,SHORT15_RERANK,0.1,0.15,0.16666666666666666,0.5
2026-05-16,SHORT15_MIX,0.2,0.2,0.3333333333333333,0.6666666666666666
2026-05-16,SHORT20_RERANK,0.1,0.15,0.16666666666666666,0.5
2026-05-16,SHORT20_MIX,0.1,0.2,0.16666666666666666,0.6666666666666666
2026-05-16,SHORT25_RERANK,0.1,0.15,0.16666666666666666,0.5
2026-05-16,SHORT25_MIX,0.1,0.15,0.16666666666666666,0.5
2026-05-17,BASELINE_MIX,0.1,0.1,0.16666666666666666,0.3333333333333333
2026-05-17,SHORT12_RERANK,0.1,0.15,0.16666666666666666,0.5
2026-05-17,SHORT12_MIX,0.2,0.15,0.3333333333333333,0.5
2026-05-17,SHORT15_RERANK,0.1,0.15,0.16666666666666666,0.5
2026-05-17,SHORT15_MIX,0.2,0.2,0.3333333333333333,0.6666666666666666
2026-05-17,SHORT20_RERANK,0.1,0.15,0.16666666666666666,0.5
2026-05-17,SHORT20_MIX,0.1,0.2,0.16666666666666666,0.6666666666666666
2026-05-17,SHORT25_RERANK,0.1,0.15,0.16666666666666666,0.5
2026-05-17,SHORT25_MIX,0.1,0.15,0.16666666666666666,0.5
2026-05-18,BASELINE_MIX,0.2,0.15,0.2857142857142857,0.42857142857142855
2026-05-18,SHORT12_RERANK,0.2,0.2,0.2857142857142857,0.5714285714285714
2026-05-18,SHORT12_MIX,0.3,0.2,0.42857142857142855,0.5714285714285714
2026-05-18,SHORT15_RERANK,0.2,0.2,0.2857142857142857,0.5714285714285714
2026-05-18,SHORT15_MIX,0.3,0.25,0.42857142857142855,0.7142857142857143
2026-05-18,SHORT20_RERANK,0.2,0.2,0.2857142857142857,0.5714285714285714
2026-05-18,SHORT20_MIX,0.2,0.25,0.2857142857142857,0.7142857142857143
2026-05-18,SHORT25_RERANK,0.2,0.2,0.2857142857142857,0.5714285714285714
2026-05-18,SHORT25_MIX,0.2,0.2,0.2857142857142857,0.5714285714285714
2026-05-19,BASELINE_MIX,0.2,0.15,0.3333333333333333,0.5
2026-05-19,SHORT12_RERANK,0.2,0.2,0.3333333333333333,0.6666666666666666
2026-05-19,SHORT12_MIX,0.2,0.2,0.3333333333333333,0.6666666666666666
2026-05-19,SHORT15_RERANK,0.2,0.2,0.3333333333333333,0.6666666666666666
2026-05-19,SHORT15_MIX,0.3,0.25,0.5,0.8333333333333334
2026-05-19,SHORT20_RERANK,0.2,0.2,0.3333333333333333,0.6666666666666666
2026-05-19,SHORT20_MIX,0.2,0.25,0.3333333333333333,0.8333333333333334
2026-05-19,SHORT25_RERANK,0.2,0.2,0.3333333333333333,0.6666666666666666
2026-05-19,SHORT25_MIX,0.2,0.2,0.3333333333333333,0.6666666666666666
2026-05-20,BASELINE_MIX,0.1,0.1,0.25,0.5
2026-05-20,SHORT12_RERANK,0.1,0.1,0.25,0.5
2026-05-20,SHORT12_MIX,0.1,0.1,0.25,0.5
2026-05-20,SHORT15_RERANK,0.1,0.15,0.25,0.75
2026-05-20,SHORT15_MIX,0.1,0.15,0.25,0.75
2026-05-20,SHORT20_RERANK,0.1,0.1,0.25,0.5
2026-05-20,SHORT20_MIX,0.1,0.15,0.25,0.75
2026-05-20,SHORT25_RERANK,0.1,0.1,0.25,0.5
2026-05-20,SHORT25_MIX,0.1,0.1,0.25,0.5
2026-05-21,BASELINE_MIX,0.1,0.1,0.25,0.5
2026-05-21,SHORT12_RERANK,0.1,0.1,0.25,0.5
2026-05-21,SHORT12_MIX,0.1,0.1,0.25,0.5
2026-05-21,SHORT15_RERANK,0.1,0.15,0.25,0.75
2026-05-21,SHORT15_MIX,0.1,0.15,0.25,0.75
2026-05-21,SHORT20_RERANK,0.1,0.1,0.25,0.5
2026-05-21,SHORT20_MIX,0.1,0.15,0.25,0.75
2026-05-21,SHORT25_RERANK,0.1,0.1,0.25,0.5
2026-05-21,SHORT25_MIX,0.1,0.1,0.25,0.5
2026-05-22,BASELINE_MIX,0.1,0.1,0.25,0.5
2026-05-22,SHORT12_RERANK,0.1,0.1,0.25,0.5
2026-05-22,SHORT12_MIX,0.1,0.1,0.25,0.5
2026-05-22,SHORT15_RERANK,0.1,0.15,0.25,0.75
2026-05-22,SHORT15_MIX,0.1,0.15,0.25,0.75
2026-05-22,SHORT20_RERANK,0.1,0.1,0.25,0.5
2026-05-22,SHORT20_MIX,0.1,0.15,0.25,0.75
2026-05-22,SHORT25_RERANK,0.1,0.1,0.25,0.5
2026-05-22,SHORT25_MIX,0.1,0.1,0.25,0.5
2026-05-23,BASELINE_MIX,0.2,0.15,0.4,0.6
2026-05-23,SHORT12_RERANK,0.2,0.15,0.4,0.6
2026-05-23,SHORT12_MIX,0.2,0.15,0.4,0.6
2026-05-23,SHORT15_RERANK,0.2,0.2,0.4,0.8
2026-05-23,SHORT15_MIX,0.2,0.2,0.4,0.8
2026-05-23,SHORT20_RERANK,0.2,0.15,0.4,0.6
2026-05-23,SHORT20_MIX,0.2,0.2,0.4,0.8
2026-05-23,SHORT25_RERANK,0.2,0.15,0.4,0.6
2026-05-23,SHORT25_MIX,0.2,0.15,0.4,0.6
2026-05-24,BASELINE_MIX,0.2,0.1,0.5,0.5
2026-05-24,SHORT12_RERANK,0.2,0.1,0.5,0.5
2026-05-24,SHORT12_MIX,0.2,0.1,0.5,0.5
2026-05-24,SHORT15_RERANK,0.2,0.15,0.5,0.75
2026-05-24,SHORT15_MIX,0.2,0.15,0.5,0.75
2026-05-24,SHORT20_RERANK,0.2,0.1,0.5,0.5
2026-05-24,SHORT20_MIX,0.2,0.15,0.5,0.75
2026-05-24,SHORT25_RERANK,0.2,0.1,0.5,0.5
2026-05-24,SHORT25_MIX,0.2,0.1,0.5,0.5
2026-05-25,BASELINE_MIX,0.2,0.1,0.5,0.5
2026-05-25,SHORT12_RERANK,0.2,0.1,0.5,0.5
2026-05-25,SHORT12_MIX,0.2,0.1,0.5,0.5
2026-05-25,SHORT15_RERANK,0.2,0.15,0.5,0.75
2026-05-25,SHORT15_MIX,0.2,0.15,0.5,0.75
2026-05-25,SHORT20_RERANK,0.2,0.1,0.5,0.5
2026-05-25,SHORT20_MIX,0.2,0.15,0.5,0.75
2026-05-25,SHORT25_RERANK,0.2,0.1,0.5,0.5
2026-05-25,SHORT25_MIX,0.2,0.1,0.5,0.5
